[
  {
    "model": "api.sousservice",
    "pk": 1,
    "fields": {
      "nom": "Râ”œآ®seaux",
      "service_parent": "OSN"
    }
  },
  {
    "model": "api.sousservice",
    "pk": 2,
    "fields": {
      "nom": "Systâ”œآ؟mes informatiques",
      "service_parent": "OSN"
    }
  },
  {
    "model": "api.sousservice",
    "pk": 3,
    "fields": {
      "nom": "Radio",
      "service_parent": "OBT"
    }
  },
  {
    "model": "api.sousservice",
    "pk": 4,
    "fields": {
      "nom": "Gâ”œآ®o",
      "service_parent": "OBT"
    }
  },
  {
    "model": "api.sousservice",
    "pk": 5,
    "fields": {
      "nom": "Support technique",
      "service_parent": "OSN"
    }
  },
  {
    "model": "api.technician",
    "pk": 2,
    "fields": {
      "user": [
        "SVEN"
      ],
      "phone": "",
      "hire_date": null,
      "taux_horaire": "6000",
      "sous_services": [
        1,
        5
      ]
    }
  },
  {
    "model": "api.technician",
    "pk": 3,
    "fields": {
      "user": [
        "Arnaud"
      ],
      "phone": "",
      "hire_date": null,
      "taux_horaire": "20000",
      "sous_services": [
        1,
        2,
        5
      ]
    }
  },
  {
    "model": "api.technician",
    "pk": 4,
    "fields": {
      "user": [
        "Dile"
      ],
      "phone": "",
      "hire_date": null,
      "taux_horaire": "5500",
      "sous_services": [
        4,
        5
      ]
    }
  },
  {
    "model": "api.technician",
    "pk": 5,
    "fields": {
      "user": [
        "Prince"
      ],
      "phone": "",
      "hire_date": null,
      "taux_horaire": "5000",
      "sous_services": [
        4,
        5
      ]
    }
  },
  {
    "model": "api.technician",
    "pk": 6,
    "fields": {
      "user": [
        "Patrick"
      ],
      "phone": "",
      "hire_date": null,
      "taux_horaire": "20000",
      "sous_services": [
        4,
        5
      ]
    }
  },
  {
    "model": "api.technician",
    "pk": 7,
    "fields": {
      "user": [
        "Gâ”œآ®deon"
      ],
      "phone": "gedeon@ofis.com",
      "hire_date": null,
      "taux_horaire": "18000",
      "sous_services": [
        3
      ]
    }
  },
  {
    "model": "api.technician",
    "pk": 8,
    "fields": {
      "user": [
        "Sidney"
      ],
      "phone": "sidney@ofis.com",
      "hire_date": null,
      "taux_horaire": "18000",
      "sous_services": [
        5
      ]
    }
  },
  {
    "model": "api.technician",
    "pk": 9,
    "fields": {
      "user": [
        "Zita"
      ],
      "phone": "",
      "hire_date": null,
      "taux_horaire": "6000",
      "sous_services": [
        5
      ]
    }
  },
  {
    "model": "api.technician",
    "pk": 10,
    "fields": {
      "user": [
        "Yves"
      ],
      "phone": "",
      "hire_date": null,
      "taux_horaire": null,
      "sous_services": [
        2
      ]
    }
  },
  {
    "model": "api.technician",
    "pk": 11,
    "fields": {
      "user": [
        "Brice"
      ],
      "phone": "",
      "hire_date": null,
      "taux_horaire": null,
      "sous_services": [
        2
      ]
    }
  },
  {
    "model": "api.technician",
    "pk": 12,
    "fields": {
      "user": [
        "Thierry"
      ],
      "phone": "",
      "hire_date": null,
      "taux_horaire": null,
      "sous_services": [
        3
      ]
    }
  },
  {
    "model": "api.technician",
    "pk": 13,
    "fields": {
      "user": [
        "Justi"
      ],
      "phone": "",
      "hire_date": null,
      "taux_horaire": null,
      "sous_services": [
        3
      ]
    }
  },
  {
    "model": "api.technician",
    "pk": 14,
    "fields": {
      "user": [
        "Adam"
      ],
      "phone": "",
      "hire_date": null,
      "taux_horaire": null,
      "sous_services": [
        4
      ]
    }
  },
  {
    "model": "api.technician",
    "pk": 15,
    "fields": {
      "user": [
        "Louz"
      ],
      "phone": "",
      "hire_date": null,
      "taux_horaire": null,
      "sous_services": [
        4
      ]
    }
  },
  {
    "model": "api.technician",
    "pk": 16,
    "fields": {
      "user": [
        "Bruned"
      ],
      "phone": "",
      "hire_date": null,
      "taux_horaire": null,
      "sous_services": [
        4
      ]
    }
  },
  {
    "model": "api.technician",
    "pk": 17,
    "fields": {
      "user": [
        "Chedid"
      ],
      "phone": "",
      "hire_date": null,
      "taux_horaire": null,
      "sous_services": [
        2
      ]
    }
  },
  {
    "model": "api.client",
    "pk": 1,
    "fields": {
      "firstName": "Bralico",
      "lastName": "PNR",
      "company": "Bralico",
      "email": "bral.recrutement@castel-afrique.com",
      "phone": "+242 05 395 0666",
      "address": "POINTE-NOIRE Direction Gâ”œآ®nâ”œآ®rale Situâ”œآ®e vers la foire de Songolo, derriâ”œآ؟re la râ”œآ®sidence du Prâ”œآ®fet, BP 1201",
      "createdAt": "2026-04-05T12:34:42.719Z",
      "is_active": true
    }
  },
  {
    "model": "api.client",
    "pk": 2,
    "fields": {
      "firstName": "Maintaining Energy",
      "lastName": "Dietsmann",
      "company": "Dietsmann",
      "email": "info@dietsmann.com",
      "phone": "+242 05 708 88 08",
      "address": "Avenue de Loango, BP 1775, Pointe-Noire.",
      "createdAt": "2026-04-05T13:58:19.182Z",
      "is_active": true
    }
  },
  {
    "model": "api.ordretravail",
    "pk": 1,
    "fields": {
      "reference": "OT-CC21-4047",
      "reference_externe": "CDA-25-101502",
      "objet": "REFONTE DES BAIES IT",
      "lieu": "Usine Bralico",
      "client_rapport": 1,
      "estimation_heures": "20.00",
      "date_creation": "2026-04-05T16:18:27.076Z",
      "date_debut": "2026-04-05T16:21:36.363Z",
      "date_fin": "2026-04-05T16:44:49.513Z",
      "date_validation": "2026-04-05T16:53:32.915Z",
      "date_archivage": "2026-04-05T16:53:32.915Z",
      "statut": "termine",
      "statut_validation": "valide",
      "valide_par": [
        "tresor"
      ],
      "technicien": null,
      "parent_ot": null,
      "techniciens": [
        [
          "SVEN"
        ]
      ]
    }
  },
  {
    "model": "api.ordretravail",
    "pk": 2,
    "fields": {
      "reference": "OT-CC23-4048",
      "reference_externe": "CDA-26-101504",
      "objet": "Supervision Des Serveurs",
      "lieu": "Dietsmann Direction",
      "client_rapport": 2,
      "estimation_heures": "10.00",
      "date_creation": "2026-04-05T17:21:07.476Z",
      "date_debut": "2026-04-05T17:28:31.964Z",
      "date_fin": "2026-04-05T18:07:03.151Z",
      "date_validation": "2026-04-05T18:09:36.307Z",
      "date_archivage": "2026-04-05T18:09:36.307Z",
      "statut": "termine",
      "statut_validation": "valide",
      "valide_par": [
        "tresor"
      ],
      "technicien": null,
      "parent_ot": null,
      "techniciens": [
        [
          "SVEN"
        ]
      ]
    }
  },
  {
    "model": "api.ordretravail",
    "pk": 9,
    "fields": {
      "reference": "OT-CC26-4240",
      "reference_externe": "CDA-26-101708",
      "objet": "DIAGNOSTIC DE SERVEURS salle 2",
      "lieu": "Dietsmann Direction",
      "client_rapport": 2,
      "estimation_heures": "3.00",
      "date_creation": "2026-04-08T09:42:31.132Z",
      "date_debut": "2026-04-08T09:42:59.122Z",
      "date_fin": null,
      "date_validation": null,
      "date_archivage": null,
      "statut": "en_cours",
      "statut_validation": "en_attente",
      "valide_par": null,
      "technicien": null,
      "parent_ot": null,
      "techniciens": [
        [
          "SVEN"
        ]
      ]
    }
  },
  {
    "model": "api.ordretravail",
    "pk": 10,
    "fields": {
      "reference": "OT-CC26-4975",
      "reference_externe": "CDA-26-101212",
      "objet": "Diagnostic Des Serveurs",
      "lieu": "Dietsmann Direction",
      "client_rapport": 2,
      "estimation_heures": "10.00",
      "date_creation": "2026-04-17T07:38:25.816Z",
      "date_debut": "2026-04-17T07:39:16.112Z",
      "date_fin": null,
      "date_validation": null,
      "date_archivage": null,
      "statut": "en_cours",
      "statut_validation": "en_attente",
      "valide_par": null,
      "technicien": null,
      "parent_ot": null,
      "techniciens": [
        [
          "SVEN"
        ]
      ]
    }
  },
  {
    "model": "api.rapportjournalier",
    "pk": 3,
    "fields": {
      "technicien": [
        "SVEN"
      ],
      "date": "2026-04-07",
      "sous_service": null,
      "created_at": "2026-04-07T14:32:22.285Z",
      "updated_at": "2026-04-07T14:32:22.285Z"
    }
  },
  {
    "model": "api.lignerapportjournalier",
    "pk": 4,
    "fields": {
      "rapport": 3,
      "client": 2,
      "ot": null,
      "nature_intervention": "Analyse des Serveurs",
      "description": "J'ai fait un nettoyage au niveau du serveur et lâ”œأ، il est en parfait â”œآ®tat",
      "avancement_resultat": "",
      "date_debut": null,
      "date_fin": null,
      "duree": "2.00",
      "numero_ticket": "",
      "rit_signe": true,
      "pv_signe": false,
      "created_at": "2026-04-07T14:32:22.303Z",
      "updated_at": "2026-04-07T14:32:22.303Z"
    }
  },
  {
    "model": "api.suiviot",
    "pk": 2,
    "fields": {
      "ot": 1,
      "technicien": [
        "SVEN"
      ],
      "date": "2026-04-05",
      "heures": "2.00",
      "description": "Maintenance et refonte des baies",
      "created_at": "2026-04-05T16:38:56.687Z",
      "updated_at": "2026-04-05T16:38:56.687Z"
    }
  },
  {
    "model": "api.suiviot",
    "pk": 4,
    "fields": {
      "ot": 2,
      "technicien": [
        "SVEN"
      ],
      "date": "2026-04-06",
      "heures": "3.00",
      "description": "Le â”œآ®quipements ont â”œآ®tâ”œآ® installâ”œآ®s st synchronisâ”œآ®s",
      "created_at": "2026-04-05T18:05:28.298Z",
      "updated_at": "2026-04-05T18:05:28.298Z"
    }
  },
  {
    "model": "api.suiviot",
    "pk": 8,
    "fields": {
      "ot": 9,
      "technicien": [
        "SVEN"
      ],
      "date": "2026-04-08",
      "heures": "0.50",
      "description": "Le â”œآ®quipements ont â”œآ®tâ”œآ® installâ”œآ®s st synchronisâ”œآ®s",
      "created_at": "2026-04-08T14:55:51.247Z",
      "updated_at": "2026-04-08T14:55:51.247Z"
    }
  },
  {
    "model": "api.suiviot",
    "pk": 10,
    "fields": {
      "ot": 10,
      "technicien": [
        "SVEN"
      ],
      "date": "2026-04-17",
      "heures": "3.00",
      "description": "Aprâ”œآ؟s la partition que Angel a eu â”œأ، faire il fallait s'assurer que la base de donnâ”œآ®e n'a pas â”œآ®tâ”œآ® touchâ”œآ® du coup ,le diagnostic rencontre des conflits d'accâ”œآ؟s oâ”œâ•£ une transaction bloque d'autres utilisateurs, entraâ”œآ«nant des lenteurs ou des deadlocks ,j'ai Optimisâ”œآ® les transactions pour les rendre le plus court possible et utiliser des niveaux d'isolation appropriâ”œآ®s",
      "created_at": "2026-04-17T07:53:10.714Z",
      "updated_at": "2026-04-17T07:53:10.714Z"
    }
  },
  {
    "model": "api.documentot",
    "pk": 1,
    "fields": {
      "ot": 2,
      "type": "photo",
      "fichier": "ot_documents/union.jpg",
      "nom": "union.jpg",
      "uploaded_at": "2026-04-05T17:42:41.719Z"
    }
  },
  {
    "model": "api.documentot",
    "pk": 2,
    "fields": {
      "ot": 2,
      "type": "cr",
      "fichier": "ot_documents/Together.jpg",
      "nom": "Together.jpg",
      "uploaded_at": "2026-04-05T17:59:18.865Z"
    }
  },
  {
    "model": "api.documentot",
    "pk": 3,
    "fields": {
      "ot": 2,
      "type": "qualite",
      "fichier": "ot_documents/Chapitre1_Entreprenariat_P0ryi2S.pdf",
      "nom": "Chapitre1 Entreprenariat.pdf",
      "uploaded_at": "2026-04-05T18:09:21.023Z"
    }
  },
  {
    "model": "api.documentot",
    "pk": 4,
    "fields": {
      "ot": 1,
      "type": "photo",
      "fichier": "ot_documents/OFIS_Software_Factory_LDeuL3S.pdf",
      "nom": "OFIS Software Factory.pdf",
      "uploaded_at": "2026-04-07T07:55:32.864Z"
    }
  },
  {
    "model": "api.documentot",
    "pk": 5,
    "fields": {
      "ot": 9,
      "type": "screenshot",
      "fichier": "ot_documents/annie-spratt-QckxruozjRg-unsplash.jpg",
      "nom": "annie-spratt-QckxruozjRg-unsplash.jpg",
      "uploaded_at": "2026-04-08T09:51:36.733Z"
    }
  },
  {
    "model": "api.documentot",
    "pk": 6,
    "fields": {
      "ot": 10,
      "type": "photo",
      "fichier": "ot_documents/Admin_2k8jtZA.jpg",
      "nom": "Admin.jpg",
      "uploaded_at": "2026-04-17T07:46:52.786Z"
    }
  },
  {
    "model": "api.documentot",
    "pk": 7,
    "fields": {
      "ot": 10,
      "type": "photo",
      "fichier": "ot_documents/Sun.jpg",
      "nom": "Sun.jpg",
      "uploaded_at": "2026-04-17T07:53:49.254Z"
    }
  },
  {
    "model": "api.projet",
    "pk": 9,
    "fields": {
      "nom": "Installation des balises TELTONIKA  vâ”œآ®hicules  DIETSMANN",
      "description": "Mise en place des installations",
      "chef_projet": [
        "Patrick"
      ],
      "estimation_heures": "6.00",
      "date_debut": "2026-06-22",
      "date_fin": "2026-06-24",
      "statut": "en_cours",
      "cout_projet": "6000000",
      "devise_cout": "XAF",
      "benefice_attendu": "1200000",
      "devise_benefice": "XAF",
      "created_at": "2026-06-22T17:25:13.613Z",
      "updated_at": "2026-06-22T17:25:13.613Z",
      "intervenants": []
    }
  },
  {
    "model": "api.projet",
    "pk": 8,
    "fields": {
      "nom": "Projet Wifi Bralico Vindoulou",
      "description": "Traâ”œآ؛age de vâ”œآ®hicules",
      "chef_projet": [
        "Patrick"
      ],
      "estimation_heures": "8.00",
      "date_debut": "2026-04-20",
      "date_fin": "2026-04-22",
      "statut": "en_cours",
      "cout_projet": "800000",
      "devise_cout": "XAF",
      "benefice_attendu": "160000",
      "devise_benefice": "XAF",
      "created_at": "2026-04-22T14:50:24.757Z",
      "updated_at": "2026-04-22T14:50:24.757Z",
      "intervenants": [
        [
          "Dile"
        ],
        [
          "Prince"
        ]
      ]
    }
  },
  {
    "model": "api.projet",
    "pk": 6,
    "fields": {
      "nom": "Projet Wifi Bralico",
      "description": "Installation et configuration du râ”œآ®seau wifi pour Bralico Congo",
      "chef_projet": [
        "Arnaud"
      ],
      "estimation_heures": "20.00",
      "date_debut": "2026-04-06",
      "date_fin": "2026-04-20",
      "statut": "en_cours",
      "cout_projet": "50000000",
      "devise_cout": "XAF",
      "benefice_attendu": "9999000",
      "devise_benefice": "XAF",
      "created_at": "2026-04-20T11:50:15.767Z",
      "updated_at": "2026-04-20T11:50:15.767Z",
      "intervenants": [
        [
          "SVEN"
        ]
      ]
    }
  },
  {
    "model": "api.projet",
    "pk": 5,
    "fields": {
      "nom": "Installation des balises TELTONIKA  vâ”œآ®hicules  DIETSMANN",
      "description": "installâ”œآ®  des balises teltonika pour diffâ”œآ®rents vâ”œآ®hicules DIETSMANN",
      "chef_projet": [
        "Patrick"
      ],
      "estimation_heures": "10.00",
      "date_debut": "2026-04-18",
      "date_fin": "2026-04-20",
      "statut": "en_cours",
      "cout_projet": "29999000",
      "devise_cout": "XAF",
      "benefice_attendu": "6000000",
      "devise_benefice": "XAF",
      "created_at": "2026-04-20T10:41:36.654Z",
      "updated_at": "2026-04-20T10:41:36.654Z",
      "intervenants": [
        [
          "Dile"
        ],
        [
          "Prince"
        ]
      ]
    }
  },
  {
    "model": "api.heureprojet",
    "pk": 27,
    "fields": {
      "projet": 8,
      "intervenant": [
        "Prince"
      ],
      "date": "2026-04-22",
      "heure_debut": "06:00:00",
      "heure_fin": "08:00:00",
      "heures": "2.00",
      "description": "Installation MIX sur le Vâ”œآ®hicule 970 AK 6",
      "created_at": "2026-04-22T15:03:06.617Z",
      "updated_at": "2026-04-22T15:03:06.617Z"
    }
  },
  {
    "model": "api.heureprojet",
    "pk": 28,
    "fields": {
      "projet": 8,
      "intervenant": [
        "Dile"
      ],
      "date": "2026-04-22",
      "heure_debut": "15:00:00",
      "heure_fin": "18:30:00",
      "heures": "3.50",
      "description": "Installation MIX sur le Vâ”œآ®hicule 366 MU 6",
      "created_at": "2026-04-22T15:04:12.243Z",
      "updated_at": "2026-04-22T15:04:12.243Z"
    }
  },
  {
    "model": "api.heureprojet",
    "pk": 26,
    "fields": {
      "projet": 8,
      "intervenant": [
        "Prince"
      ],
      "date": "2026-04-21",
      "heure_debut": "12:00:00",
      "heure_fin": "15:00:00",
      "heures": "3.00",
      "description": "Installation MIX sur le Vâ”œآ®hicule 449 LB 6",
      "created_at": "2026-04-22T15:00:43.795Z",
      "updated_at": "2026-04-22T15:00:43.795Z"
    }
  },
  {
    "model": "api.heureprojet",
    "pk": 15,
    "fields": {
      "projet": 5,
      "intervenant": [
        "Prince"
      ],
      "date": "2026-04-20",
      "heure_debut": null,
      "heure_fin": null,
      "heures": "2.50",
      "description": "Le 20 Prince a installâ”œآ® la balise teltonika, Vâ”œآ®hicule DIETSMANN avec l'immatriculation 970 AK 6",
      "created_at": "2026-04-20T10:51:52.025Z",
      "updated_at": "2026-04-20T10:51:52.025Z"
    }
  },
  {
    "model": "api.heureprojet",
    "pk": 25,
    "fields": {
      "projet": 8,
      "intervenant": [
        "Dile"
      ],
      "date": "2026-04-20",
      "heure_debut": "08:30:00",
      "heure_fin": "11:00:00",
      "heures": "2.50",
      "description": "Installation des balises Gallooli",
      "created_at": "2026-04-22T14:58:20.309Z",
      "updated_at": "2026-04-22T14:58:20.309Z"
    }
  },
  {
    "model": "api.heureprojet",
    "pk": 13,
    "fields": {
      "projet": 5,
      "intervenant": [
        "Prince"
      ],
      "date": "2026-04-19",
      "heure_debut": null,
      "heure_fin": null,
      "heures": "3.00",
      "description": "Le 19 Prince a installâ”œآ® la balise teltonika, Vâ”œآ®hicule DIETSMANN avec l'immatriculation 449 LB 6",
      "created_at": "2026-04-20T10:48:21.482Z",
      "updated_at": "2026-04-20T10:48:21.482Z"
    }
  },
  {
    "model": "api.heureprojet",
    "pk": 14,
    "fields": {
      "projet": 5,
      "intervenant": [
        "Dile"
      ],
      "date": "2026-04-19",
      "heure_debut": null,
      "heure_fin": null,
      "heures": "2.50",
      "description": "Le 19 Dile a installâ”œآ® la balise teltonika, Vâ”œآ®hicule DiIETSMANN avec l'immatriculation 366 MU 6",
      "created_at": "2026-04-20T10:50:03.062Z",
      "updated_at": "2026-04-20T10:50:03.062Z"
    }
  },
  {
    "model": "api.heureprojet",
    "pk": 23,
    "fields": {
      "projet": 6,
      "intervenant": [
        "SVEN"
      ],
      "date": "2026-04-19",
      "heure_debut": null,
      "heure_fin": null,
      "heures": "1.50",
      "description": "Connectivitâ”œآ® entre diffâ”œآ®rents terminaux",
      "created_at": "2026-04-20T12:16:59.385Z",
      "updated_at": "2026-04-20T12:16:59.385Z"
    }
  },
  {
    "model": "api.heureprojet",
    "pk": 12,
    "fields": {
      "projet": 5,
      "intervenant": [
        "Dile"
      ],
      "date": "2026-04-18",
      "heure_debut": null,
      "heure_fin": null,
      "heures": "2.00",
      "description": "Le 18 Dile a installâ”œآ® la balise teltonika, Vâ”œآ®hicule DiIETSMANN  avec l'immatriculation 204 MG 6 ",
      "created_at": "2026-04-20T10:46:00.692Z",
      "updated_at": "2026-04-20T10:46:00.692Z"
    }
  },
  {
    "model": "api.heureprojet",
    "pk": 22,
    "fields": {
      "projet": 6,
      "intervenant": [
        "SVEN"
      ],
      "date": "2026-04-18",
      "heure_debut": null,
      "heure_fin": null,
      "heures": "3.00",
      "description": "Affectation Adresse ip,pour les diffâ”œآ®rents sous râ”œآ®seaux ",
      "created_at": "2026-04-20T12:15:40.858Z",
      "updated_at": "2026-04-20T12:15:40.858Z"
    }
  },
  {
    "model": "api.heureprojet",
    "pk": 19,
    "fields": {
      "projet": 6,
      "intervenant": [
        "SVEN"
      ],
      "date": "2026-04-10",
      "heure_debut": null,
      "heure_fin": null,
      "heures": "2.00",
      "description": "Mise en place SSH",
      "created_at": "2026-04-20T12:11:56.595Z",
      "updated_at": "2026-04-20T12:11:56.595Z"
    }
  },
  {
    "model": "api.heureprojet",
    "pk": 18,
    "fields": {
      "projet": 6,
      "intervenant": [
        "SVEN"
      ],
      "date": "2026-04-09",
      "heure_debut": null,
      "heure_fin": null,
      "heures": "3.00",
      "description": "Mise en place du protocle TCP/IP",
      "created_at": "2026-04-20T12:10:44.825Z",
      "updated_at": "2026-04-20T12:10:44.825Z"
    }
  },
  {
    "model": "api.heureprojet",
    "pk": 16,
    "fields": {
      "projet": 6,
      "intervenant": [
        "SVEN"
      ],
      "date": "2026-04-06",
      "heure_debut": null,
      "heure_fin": null,
      "heures": "2.00",
      "description": "Configuration des Switches",
      "created_at": "2026-04-20T12:07:24.548Z",
      "updated_at": "2026-04-20T12:07:24.548Z"
    }
  },
  {
    "model": "api.notification",
    "pk": 6,
    "fields": {
      "projet": 8,
      "type": "depassement_heures",
      "message": "أ”أœأ،آ´آ©أ… Dâ”œآ®passement de 3.0 heures sur le projet Projet Wifi Bralico Vindoulou",
      "est_lue": true,
      "created_at": "2026-04-22T15:31:09.789Z"
    }
  },
  {
    "model": "api.ticket",
    "pk": 4,
    "fields": {
      "numero": 2323,
      "titre": "Panne râ”œآ®seau siâ”œآ؟ge Bralico",
      "description": "Maintenance et Depannage de serveurs",
      "client": 1,
      "technicien_assigne": [
        "Prince"
      ],
      "cree_par": [
        "tresor"
      ],
      "statut": "resolu",
      "priorite": "haute",
      "date_creation": "2026-06-22T10:44:59.208Z",
      "date_modification": "2026-06-22T11:01:31.850Z",
      "date_resolution": "2026-06-22T11:01:31.850Z",
      "date_fermeture": null,
      "temps_passe": "2.00",
      "solution": "Le problâ”œآ؟me a â”œآ®tâ”œآ® râ”œآ®solu ",
      "commentaires": ""
    }
  },
  {
    "model": "api.ticket",
    "pk": 3,
    "fields": {
      "numero": 2322,
      "titre": "Panne au niveau des Serveurs Bralico",
      "description": "Besoin d'une maintenance au sein des salles serveurs, causant un disfonctionnement des activitâ”œآ®s",
      "client": 2,
      "technicien_assigne": [
        "SVEN"
      ],
      "cree_par": [
        "tresor"
      ],
      "statut": "en_cours",
      "priorite": "haute",
      "date_creation": "2026-05-12T10:08:12.793Z",
      "date_modification": "2026-05-12T10:09:36.472Z",
      "date_resolution": null,
      "date_fermeture": null,
      "temps_passe": "0.00",
      "solution": "",
      "commentaires": ""
    }
  },
  {
    "model": "api.tickethistorique",
    "pk": 18,
    "fields": {
      "ticket": 4,
      "utilisateur": [
        "tresor"
      ],
      "action": "Changement de statut",
      "details": "Statut changâ”œآ® de en_cours â”œأ، resolu",
      "date_action": "2026-06-22T11:01:31.854Z"
    }
  },
  {
    "model": "api.tickethistorique",
    "pk": 17,
    "fields": {
      "ticket": 4,
      "utilisateur": [
        "Prince"
      ],
      "action": "Solution ajoutâ”œآ®e",
      "details": "Le problâ”œآ؟me a â”œآ®tâ”œآ® râ”œآ®solu ",
      "date_action": "2026-06-22T11:01:02.498Z"
    }
  },
  {
    "model": "api.tickethistorique",
    "pk": 16,
    "fields": {
      "ticket": 4,
      "utilisateur": [
        "Prince"
      ],
      "action": "Changement de statut",
      "details": "Statut changâ”œآ® de nouveau â”œأ، en_cours",
      "date_action": "2026-06-22T11:00:30.229Z"
    }
  },
  {
    "model": "api.tickethistorique",
    "pk": 15,
    "fields": {
      "ticket": 4,
      "utilisateur": [
        "Prince"
      ],
      "action": "Ajout de temps",
      "details": "2.0 heures ajoutâ”œآ®es (total: 2.0h)",
      "date_action": "2026-06-22T11:00:18.577Z"
    }
  },
  {
    "model": "api.tickethistorique",
    "pk": 14,
    "fields": {
      "ticket": 4,
      "utilisateur": [
        "tresor"
      ],
      "action": "Crâ”œآ®ation du ticket",
      "details": "Ticket crâ”œآ®â”œآ® avec prioritâ”œآ® Haute",
      "date_action": "2026-06-22T10:44:59.212Z"
    }
  },
  {
    "model": "api.tickethistorique",
    "pk": 13,
    "fields": {
      "ticket": 3,
      "utilisateur": [
        "SVEN"
      ],
      "action": "Changement de statut",
      "details": "Statut changâ”œآ® de nouveau â”œأ، en_cours",
      "date_action": "2026-05-12T10:09:36.476Z"
    }
  },
  {
    "model": "api.tickethistorique",
    "pk": 12,
    "fields": {
      "ticket": 3,
      "utilisateur": [
        "tresor"
      ],
      "action": "Assignation",
      "details": "Assignâ”œآ® â”œأ، SVEN (â”œآ®tait non assignâ”œآ®)",
      "date_action": "2026-05-12T10:08:56.854Z"
    }
  },
  {
    "model": "api.tickethistorique",
    "pk": 11,
    "fields": {
      "ticket": 3,
      "utilisateur": [
        "tresor"
      ],
      "action": "Crâ”œآ®ation du ticket",
      "details": "Ticket crâ”œآ®â”œآ® avec prioritâ”œآ® Haute",
      "date_action": "2026-05-12T10:08:12.804Z"
    }
  }
]