[
  {
    "model": "auth.user",
    "fields": {
      "password": "pbkdf2_sha256$1200000$8frHykhYPN7n1dSAia0axL$rtEscSlhwLqeqvm5Yei6NscrDM/T/y8FzIEJw2InBFg=",
      "last_login": "2026-06-19T07:05:18.528Z",
      "is_superuser": true,
      "username": "tresor",
      "first_name": "",
      "last_name": "",
      "email": "tresor@ofis.com",
      "is_staff": true,
      "is_active": true,
      "date_joined": "2026-04-04T15:10:43.575Z",
      "groups": [],
      "user_permissions": []
    }
  },
  {
    "model": "auth.user",
    "fields": {
      "password": "pbkdf2_sha256$1200000$awXPvEkDhT1LdEUm9nOQrG$WC8jeTJndccKMW9ZKw337sRzIuZM/JUzDVN/rpFuLDc=",
      "last_login": null,
      "is_superuser": false,
      "username": "SVEN",
      "first_name": "",
      "last_name": "",
      "email": "",
      "is_staff": false,
      "is_active": true,
      "date_joined": "2026-04-05T15:30:51.881Z",
      "groups": [],
      "user_permissions": []
    }
  },
  {
    "model": "auth.user",
    "fields": {
      "password": "pbkdf2_sha256$1200000$D01c5VQTiafBxBA0Utz12m$/ocdIhoQ0oB+tY6XOsJ0g//U+pgqh5KNhbwZSBGIzOw=",
      "last_login": null,
      "is_superuser": false,
      "username": "Vianney",
      "first_name": "",
      "last_name": "",
      "email": "vianney.missolo@ofis-technologies.com",
      "is_staff": true,
      "is_active": true,
      "date_joined": "2026-04-07T09:10:47.941Z",
      "groups": [
        [
          "manager"
        ]
      ],
      "user_permissions": []
    }
  },
  {
    "model": "auth.user",
    "fields": {
      "password": "pbkdf2_sha256$1200000$bSdZGYDWK9plZzxZkdrEDK$VW629fsB8+IQAc2eF8dXbftJ1uedtWfEvFIefqWCwd8=",
      "last_login": null,
      "is_superuser": false,
      "username": "Achille",
      "first_name": "",
      "last_name": "",
      "email": "achille.donguia@ofis-technologies.com",
      "is_staff": true,
      "is_active": true,
      "date_joined": "2026-04-07T09:10:48.892Z",
      "groups": [
        [
          "manager"
        ]
      ],
      "user_permissions": []
    }
  },
  {
    "model": "auth.user",
    "fields": {
      "password": "pbkdf2_sha256$1200000$XrePz5JPTipIqjbQaYQJZJ$sK/L3DYzEM/gBLtPyVgzLbLU3Zo6LGkikkeEN8ROk9w=",
      "last_login": null,
      "is_superuser": false,
      "username": "Patrick",
      "first_name": "",
      "last_name": "",
      "email": "patrick@ofis.com",
      "is_staff": false,
      "is_active": true,
      "date_joined": "2026-04-07T09:10:49.986Z",
      "groups": [
        [
          "cadre"
        ]
      ],
      "user_permissions": []
    }
  },
  {
    "model": "auth.user",
    "fields": {
      "password": "pbkdf2_sha256$1200000$t0XUslw6kcKqg2JcziWxZL$aP42Yafp+NXDBEa1c6w8wuqNAIR7JENcbP6ZeBz47K4=",
      "last_login": null,
      "is_superuser": false,
      "username": "Gâ”śÂ®deon",
      "first_name": "",
      "last_name": "",
      "email": "gedeon@ofis.com",
      "is_staff": false,
      "is_active": true,
      "date_joined": "2026-04-07T09:10:51.030Z",
      "groups": [
        [
          "cadre"
        ]
      ],
      "user_permissions": []
    }
  },
  {
    "model": "auth.user",
    "fields": {
      "password": "pbkdf2_sha256$1200000$hTAUNo6dXFZFFfB69AYOQL$c4g+GxHpkXwUxBj3lmxaFxnDopnZ5nwovczMHpPNkJ4=",
      "last_login": null,
      "is_superuser": false,
      "username": "Sidney",
      "first_name": "",
      "last_name": "",
      "email": "sidney@ofis.com",
      "is_staff": false,
      "is_active": true,
      "date_joined": "2026-04-07T09:10:51.968Z",
      "groups": [
        [
          "cadre"
        ]
      ],
      "user_permissions": []
    }
  },
  {
    "model": "auth.user",
    "fields": {
      "password": "pbkdf2_sha256$1200000$UI66HxKIkl7sCYFqS1aDvR$U92L+/lqaETQDOZwg+B62dTeBDpYwAGyp/luAPfFvXY=",
      "last_login": null,
      "is_superuser": false,
      "username": "Zita",
      "first_name": "",
      "last_name": "",
      "email": "",
      "is_staff": false,
      "is_active": true,
      "date_joined": "2026-04-07T09:20:03.844Z",
      "groups": [
        [
          "assistant"
        ]
      ],
      "user_permissions": []
    }
  },
  {
    "model": "auth.user",
    "fields": {
      "password": "pbkdf2_sha256$1200000$dYPVZglgQJUhTzu25nUeeC$GdOXOKPB2BDRgGBN0wcanWvpCOvMBuhS24/EZ89KuW8=",
      "last_login": null,
      "is_superuser": false,
      "username": "Arnaud",
      "first_name": "Arnaud",
      "last_name": "GANONGO",
      "email": "arnaud.ganongo@ofis-technologies.com",
      "is_staff": false,
      "is_active": true,
      "date_joined": "2026-04-07T13:36:56.515Z",
      "groups": [
        [
          "cadre"
        ]
      ],
      "user_permissions": []
    }
  },
  {
    "model": "auth.user",
    "fields": {
      "password": "pbkdf2_sha256$1200000$3XzwYdu9MWVjeLQa2V602l$sacOy77qgdGUWUTlfb7VNlnhH2Hdz1X9hI3rEWvnb28=",
      "last_login": null,
      "is_superuser": false,
      "username": "Dile",
      "first_name": "Dile",
      "last_name": "SAMBA SAMBA",
      "email": "dile@ofis-technologies.com",
      "is_staff": false,
      "is_active": true,
      "date_joined": "2026-04-20T09:17:09.707Z",
      "groups": [],
      "user_permissions": []
    }
  },
  {
    "model": "auth.user",
    "fields": {
      "password": "pbkdf2_sha256$1200000$z0fzCQ9JRsFGhNbmRd3uTW$xhJPzaYAD4R1GB1+mKRKR418Ryqhupt6ROWcfH9OAgs=",
      "last_login": null,
      "is_superuser": false,
      "username": "Prince",
      "first_name": "Prince",
      "last_name": "MAZOUNGA",
      "email": "prince@ofis-technologies.com",
      "is_staff": false,
      "is_active": true,
      "date_joined": "2026-04-20T09:17:10.532Z",
      "groups": [],
      "user_permissions": []
    }
  },
  {
    "model": "auth.user",
    "fields": {
      "password": "pbkdf2_sha256$1200000$lEsXCbS7uHMcmNvy8G5X2K$BN5/qWjndcX+Aiq7qjGw2TbOZifcxokHBmlSzikokRA=",
      "last_login": null,
      "is_superuser": false,
      "username": "Yves",
      "first_name": "",
      "last_name": "",
      "email": "",
      "is_staff": false,
      "is_active": true,
      "date_joined": "2026-06-25T06:45:49.631Z",
      "groups": [],
      "user_permissions": []
    }
  },
  {
    "model": "auth.user",
    "fields": {
      "password": "pbkdf2_sha256$1200000$WpBDPn5JCva9ttgfoqfTso$ED9F1VVCR+n3i6oFiGz3RnRNgrQ3nbXe7jBfqrM3IU4=",
      "last_login": null,
      "is_superuser": false,
      "username": "Brice",
      "first_name": "",
      "last_name": "",
      "email": "",
      "is_staff": false,
      "is_active": true,
      "date_joined": "2026-06-25T06:48:10.074Z",
      "groups": [],
      "user_permissions": []
    }
  },
  {
    "model": "auth.user",
    "fields": {
      "password": "pbkdf2_sha256$1200000$F1kuuwAXRl7yAdIwS1AoSY$RPSmomNoCSiWNmI5oNIRFLJsoekN6scDiCE068VzX9U=",
      "last_login": null,
      "is_superuser": false,
      "username": "Thierry",
      "first_name": "",
      "last_name": "",
      "email": "",
      "is_staff": false,
      "is_active": true,
      "date_joined": "2026-06-25T06:51:09.761Z",
      "groups": [],
      "user_permissions": []
    }
  },
  {
    "model": "auth.user",
    "fields": {
      "password": "pbkdf2_sha256$1200000$we48fSAgzopR1mCDGIMPVR$bsQr0rff82hqbbf0AHNI7+94WgBqEFPGuwf8A8RwCds=",
      "last_login": null,
      "is_superuser": false,
      "username": "Justi",
      "first_name": "",
      "last_name": "",
      "email": "",
      "is_staff": false,
      "is_active": true,
      "date_joined": "2026-06-25T06:53:30.529Z",
      "groups": [],
      "user_permissions": []
    }
  },
  {
    "model": "auth.user",
    "fields": {
      "password": "pbkdf2_sha256$1200000$0bNbyBWtaAEmhwsJJameeG$i7ahQPW2lb5MRBe1f7Ir/m2ivJL6GVpjEGr+W+5L3B8=",
      "last_login": null,
      "is_superuser": false,
      "username": "Jaurdy",
      "first_name": "",
      "last_name": "",
      "email": "",
      "is_staff": false,
      "is_active": true,
      "date_joined": "2026-06-25T06:55:22.970Z",
      "groups": [],
      "user_permissions": []
    }
  },
  {
    "model": "auth.user",
    "fields": {
      "password": "pbkdf2_sha256$1200000$FXWVH5ceUCCliRw8mXagv6$TTkP/yRnctMqJG3xgi/YI2VuwEU0iFwyD62tiqYrDbQ=",
      "last_login": null,
      "is_superuser": false,
      "username": "Pierre",
      "first_name": "",
      "last_name": "",
      "email": "",
      "is_staff": true,
      "is_active": true,
      "date_joined": "2026-06-25T06:57:24Z",
      "groups": [
        [
          "manager"
        ]
      ],
      "user_permissions": [
        [
          "add_logentry",
          "admin",
          "logentry"
        ],
        [
          "change_logentry",
          "admin",
          "logentry"
        ],
        [
          "delete_logentry",
          "admin",
          "logentry"
        ],
        [
          "view_logentry",
          "admin",
          "logentry"
        ],
        [
          "add_agendatechnicien",
          "api",
          "agendatechnicien"
        ],
        [
          "change_agendatechnicien",
          "api",
          "agendatechnicien"
        ],
        [
          "delete_agendatechnicien",
          "api",
          "agendatechnicien"
        ],
        [
          "view_agendatechnicien",
          "api",
          "agendatechnicien"
        ],
        [
          "add_client",
          "api",
          "client"
        ],
        [
          "change_client",
          "api",
          "client"
        ],
        [
          "delete_client",
          "api",
          "client"
        ],
        [
          "view_client",
          "api",
          "client"
        ],
        [
          "add_documentot",
          "api",
          "documentot"
        ],
        [
          "change_documentot",
          "api",
          "documentot"
        ],
        [
          "delete_documentot",
          "api",
          "documentot"
        ],
        [
          "view_documentot",
          "api",
          "documentot"
        ],
        [
          "add_heureprojet",
          "api",
          "heureprojet"
        ],
        [
          "change_heureprojet",
          "api",
          "heureprojet"
        ],
        [
          "delete_heureprojet",
          "api",
          "heureprojet"
        ],
        [
          "view_heureprojet",
          "api",
          "heureprojet"
        ],
        [
          "add_lignerapporthebdocadre",
          "api",
          "lignerapporthebdocadre"
        ],
        [
          "change_lignerapporthebdocadre",
          "api",
          "lignerapporthebdocadre"
        ],
        [
          "delete_lignerapporthebdocadre",
          "api",
          "lignerapporthebdocadre"
        ],
        [
          "view_lignerapporthebdocadre",
          "api",
          "lignerapporthebdocadre"
        ],
        [
          "add_lignerapportjournalier",
          "api",
          "lignerapportjournalier"
        ],
        [
          "change_lignerapportjournalier",
          "api",
          "lignerapportjournalier"
        ],
        [
          "delete_lignerapportjournalier",
          "api",
          "lignerapportjournalier"
        ],
        [
          "view_lignerapportjournalier",
          "api",
          "lignerapportjournalier"
        ],
        [
          "add_notification",
          "api",
          "notification"
        ],
        [
          "change_notification",
          "api",
          "notification"
        ],
        [
          "delete_notification",
          "api",
          "notification"
        ],
        [
          "view_notification",
          "api",
          "notification"
        ],
        [
          "add_ordretravail",
          "api",
          "ordretravail"
        ],
        [
          "change_ordretravail",
          "api",
          "ordretravail"
        ],
        [
          "delete_ordretravail",
          "api",
          "ordretravail"
        ],
        [
          "view_ordretravail",
          "api",
          "ordretravail"
        ],
        [
          "add_projet",
          "api",
          "projet"
        ],
        [
          "change_projet",
          "api",
          "projet"
        ],
        [
          "delete_projet",
          "api",
          "projet"
        ],
        [
          "view_projet",
          "api",
          "projet"
        ],
        [
          "add_rapporthebdocadre",
          "api",
          "rapporthebdocadre"
        ],
        [
          "change_rapporthebdocadre",
          "api",
          "rapporthebdocadre"
        ],
        [
          "delete_rapporthebdocadre",
          "api",
          "rapporthebdocadre"
        ],
        [
          "view_rapporthebdocadre",
          "api",
          "rapporthebdocadre"
        ],
        [
          "add_rapportjournalier",
          "api",
          "rapportjournalier"
        ],
        [
          "change_rapportjournalier",
          "api",
          "rapportjournalier"
        ],
        [
          "delete_rapportjournalier",
          "api",
          "rapportjournalier"
        ],
        [
          "view_rapportjournalier",
          "api",
          "rapportjournalier"
        ],
        [
          "add_sousservice",
          "api",
          "sousservice"
        ],
        [
          "change_sousservice",
          "api",
          "sousservice"
        ],
        [
          "delete_sousservice",
          "api",
          "sousservice"
        ],
        [
          "view_sousservice",
          "api",
          "sousservice"
        ],
        [
          "add_suiviot",
          "api",
          "suiviot"
        ],
        [
          "change_suiviot",
          "api",
          "suiviot"
        ],
        [
          "delete_suiviot",
          "api",
          "suiviot"
        ],
        [
          "view_suiviot",
          "api",
          "suiviot"
        ],
        [
          "add_technician",
          "api",
          "technician"
        ],
        [
          "change_technician",
          "api",
          "technician"
        ],
        [
          "delete_technician",
          "api",
          "technician"
        ],
        [
          "view_technician",
          "api",
          "technician"
        ],
        [
          "add_ticket",
          "api",
          "ticket"
        ],
        [
          "change_ticket",
          "api",
          "ticket"
        ],
        [
          "delete_ticket",
          "api",
          "ticket"
        ],
        [
          "view_ticket",
          "api",
          "ticket"
        ],
        [
          "add_tickethistorique",
          "api",
          "tickethistorique"
        ],
        [
          "change_tickethistorique",
          "api",
          "tickethistorique"
        ],
        [
          "delete_tickethistorique",
          "api",
          "tickethistorique"
        ],
        [
          "view_tickethistorique",
          "api",
          "tickethistorique"
        ],
        [
          "add_group",
          "auth",
          "group"
        ],
        [
          "change_group",
          "auth",
          "group"
        ],
        [
          "delete_group",
          "auth",
          "group"
        ],
        [
          "view_group",
          "auth",
          "group"
        ],
        [
          "add_permission",
          "auth",
          "permission"
        ],
        [
          "change_permission",
          "auth",
          "permission"
        ],
        [
          "delete_permission",
          "auth",
          "permission"
        ],
        [
          "view_permission",
          "auth",
          "permission"
        ],
        [
          "add_user",
          "auth",
          "user"
        ],
        [
          "change_user",
          "auth",
          "user"
        ],
        [
          "delete_user",
          "auth",
          "user"
        ],
        [
          "view_user",
          "auth",
          "user"
        ],
        [
          "add_contenttype",
          "contenttypes",
          "contenttype"
        ],
        [
          "change_contenttype",
          "contenttypes",
          "contenttype"
        ],
        [
          "delete_contenttype",
          "contenttypes",
          "contenttype"
        ],
        [
          "view_contenttype",
          "contenttypes",
          "contenttype"
        ],
        [
          "add_notification",
          "notifications",
          "notification"
        ],
        [
          "change_notification",
          "notifications",
          "notification"
        ],
        [
          "delete_notification",
          "notifications",
          "notification"
        ],
        [
          "view_notification",
          "notifications",
          "notification"
        ],
        [
          "add_session",
          "sessions",
          "session"
        ],
        [
          "change_session",
          "sessions",
          "session"
        ],
        [
          "delete_session",
          "sessions",
          "session"
        ],
        [
          "view_session",
          "sessions",
          "session"
        ]
      ]
    }
  },
  {
    "model": "auth.user",
    "fields": {
      "password": "pbkdf2_sha256$1200000$rD8IXJQWLVTvpUFWnJe3lc$yqX2F9MxKLIqgn89xRrEe0J27EEczxEhsYg2BkHgSfE=",
      "last_login": null,
      "is_superuser": false,
      "username": "Adam",
      "first_name": "",
      "last_name": "",
      "email": "",
      "is_staff": false,
      "is_active": true,
      "date_joined": "2026-06-25T07:02:45Z",
      "groups": [
        [
          "cadre"
        ]
      ],
      "user_permissions": []
    }
  },
  {
    "model": "auth.user",
    "fields": {
      "password": "pbkdf2_sha256$1200000$IHw73Bh1fGR8mHl9SB6Pln$THMvjDsQBBV8rNWqXc8UBOBZ4BzBhyc+8VDdWliz+M8=",
      "last_login": null,
      "is_superuser": false,
      "username": "Tingui",
      "first_name": "",
      "last_name": "",
      "email": "",
      "is_staff": false,
      "is_active": true,
      "date_joined": "2026-06-25T07:05:58.480Z",
      "groups": [],
      "user_permissions": []
    }
  },
  {
    "model": "auth.user",
    "fields": {
      "password": "pbkdf2_sha256$1200000$XHJh3eUQWRhSyqFjsWRNCu$2dN/SqUDfi7dkzACS0TlFma+zfKFwMn0SCXq4GyE85Y=",
      "last_login": null,
      "is_superuser": false,
      "username": "Galli",
      "first_name": "",
      "last_name": "",
      "email": "",
      "is_staff": false,
      "is_active": true,
      "date_joined": "2026-06-25T07:08:53.168Z",
      "groups": [],
      "user_permissions": []
    }
  },
  {
    "model": "auth.user",
    "fields": {
      "password": "pbkdf2_sha256$1200000$vtNlV4LyEjL33Sxsqr5F8a$c/OF1jn37PbYSYimZwIh5JODGz4yXLX+SkJ6iW+/gUw=",
      "last_login": null,
      "is_superuser": false,
      "username": "Louz",
      "first_name": "",
      "last_name": "",
      "email": "",
      "is_staff": false,
      "is_active": true,
      "date_joined": "2026-06-25T07:09:35.893Z",
      "groups": [],
      "user_permissions": []
    }
  },
  {
    "model": "auth.user",
    "fields": {
      "password": "pbkdf2_sha256$1200000$piTRgxonvOYTxuuK9mxcNp$IiGodF+KG/OUnjpqQG2RYsY9527X8HN5z0YGmVPpVCU=",
      "last_login": null,
      "is_superuser": false,
      "username": "Bruned",
      "first_name": "",
      "last_name": "",
      "email": "",
      "is_staff": false,
      "is_active": true,
      "date_joined": "2026-06-25T07:12:16.522Z",
      "groups": [],
      "user_permissions": []
    }
  },
  {
    "model": "auth.user",
    "fields": {
      "password": "pbkdf2_sha256$1200000$uT4w6JrasYFAKENzwQq4Of$LlyVU2a3gkTjAKvrt5Fsn/WwKrs+F6IDci9pfLtIwsM=",
      "last_login": null,
      "is_superuser": false,
      "username": "Chedid",
      "first_name": "",
      "last_name": "",
      "email": "",
      "is_staff": false,
      "is_active": true,
      "date_joined": "2026-06-25T07:47:14Z",
      "groups": [
        [
          "cadre"
        ]
      ],
      "user_permissions": []
    }
  },
  {
    "model": "auth.group",
    "fields": {
      "name": "cadre",
      "permissions": []
    }
  },
  {
    "model": "auth.group",
    "fields": {
      "name": "manager",
      "permissions": []
    }
  },
  {
    "model": "auth.group",
    "fields": {
      "name": "assistant",
      "permissions": []
    }
  },
  {
    "model": "api.sousservice",
    "pk": 1,
    "fields": {
      "nom": "Râ”śÂ®seaux",
      "service_parent": "OSN"
    }
  },
  {
    "model": "api.sousservice",
    "pk": 2,
    "fields": {
      "nom": "Systâ”śÂżmes informatiques",
      "service_parent": "OSN"
    }
  },
  {
    "model": "api.sousservice",
    "pk": 3,
    "fields": {
      "nom": "Radio",
      "service_parent": "OBT"
    }
  },
  {
    "model": "api.sousservice",
    "pk": 4,
    "fields": {
      "nom": "Gâ”śÂ®o",
      "service_parent": "OBT"
    }
  },
  {
    "model": "api.sousservice",
    "pk": 5,
    "fields": {
      "nom": "Support technique",
      "service_parent": "OSN"
    }
  },
  {
    "model": "api.technician",
    "pk": 2,
    "fields": {
      "user": [
        "SVEN"
      ],
      "phone": "",
      "hire_date": null,
      "taux_horaire": "6000",
      "sous_services": [
        1,
        5
      ],
      "statut_actuel": "disponible"
    }
  },
  {
    "model": "api.technician",
    "pk": 3,
    "fields": {
      "user": [
        "Arnaud"
      ],
      "phone": "",
      "hire_date": null,
      "taux_horaire": "20000",
      "sous_services": [
        1,
        2,
        5
      ],
      "statut_actuel": "disponible"
    }
  },
  {
    "model": "api.technician",
    "pk": 4,
    "fields": {
      "user": [
        "Dile"
      ],
      "phone": "",
      "hire_date": null,
      "taux_horaire": "5500",
      "sous_services": [
        4,
        5
      ],
      "statut_actuel": "disponible"
    }
  },
  {
    "model": "api.technician",
    "pk": 5,
    "fields": {
      "user": [
        "Prince"
      ],
      "phone": "",
      "hire_date": null,
      "taux_horaire": "5000",
      "sous_services": [
        4,
        5
      ],
      "statut_actuel": "disponible"
    }
  },
  {
    "model": "api.technician",
    "pk": 6,
    "fields": {
      "user": [
        "Patrick"
      ],
      "phone": "",
      "hire_date": null,
      "taux_horaire": "20000",
      "sous_services": [
        4,
        5
      ],
      "statut_actuel": "disponible"
    }
  },
  {
    "model": "api.technician",
    "pk": 7,
    "fields": {
      "user": [
        "Gâ”śÂ®deon"
      ],
      "phone": "gedeon@ofis.com",
      "hire_date": null,
      "taux_horaire": "18000",
      "sous_services": [
        3
      ],
      "statut_actuel": "disponible"
    }
  },
  {
    "model": "api.technician",
    "pk": 8,
    "fields": {
      "user": [
        "Sidney"
      ],
      "phone": "sidney@ofis.com",
      "hire_date": null,
      "taux_horaire": "18000",
      "sous_services": [
        5
      ],
      "statut_actuel": "disponible"
    }
  },
  {
    "model": "api.technician",
    "pk": 9,
    "fields": {
      "user": [
        "Zita"
      ],
      "phone": "",
      "hire_date": null,
      "taux_horaire": "6000",
      "sous_services": [
        5
      ],
      "statut_actuel": "disponible"
    }
  },
  {
    "model": "api.technician",
    "pk": 10,
    "fields": {
      "user": [
        "Yves"
      ],
      "phone": "",
      "hire_date": null,
      "taux_horaire": null,
      "sous_services": [
        2
      ],
      "statut_actuel": "disponible"
    }
  },
  {
    "model": "api.technician",
    "pk": 11,
    "fields": {
      "user": [
        "Brice"
      ],
      "phone": "",
      "hire_date": null,
      "taux_horaire": null,
      "sous_services": [
        2
      ],
      "statut_actuel": "disponible"
    }
  },
  {
    "model": "api.technician",
    "pk": 12,
    "fields": {
      "user": [
        "Thierry"
      ],
      "phone": "",
      "hire_date": null,
      "taux_horaire": null,
      "sous_services": [
        3
      ],
      "statut_actuel": "disponible"
    }
  },
  {
    "model": "api.technician",
    "pk": 13,
    "fields": {
      "user": [
        "Justi"
      ],
      "phone": "",
      "hire_date": null,
      "taux_horaire": null,
      "sous_services": [
        3
      ],
      "statut_actuel": "disponible"
    }
  },
  {
    "model": "api.technician",
    "pk": 14,
    "fields": {
      "user": [
        "Adam"
      ],
      "phone": "",
      "hire_date": null,
      "taux_horaire": null,
      "sous_services": [
        4
      ],
      "statut_actuel": "disponible"
    }
  },
  {
    "model": "api.technician",
    "pk": 15,
    "fields": {
      "user": [
        "Louz"
      ],
      "phone": "",
      "hire_date": null,
      "taux_horaire": null,
      "sous_services": [
        4
      ],
      "statut_actuel": "disponible"
    }
  },
  {
    "model": "api.technician",
    "pk": 16,
    "fields": {
      "user": [
        "Bruned"
      ],
      "phone": "",
      "hire_date": null,
      "taux_horaire": null,
      "sous_services": [
        4
      ],
      "statut_actuel": "disponible"
    }
  },
  {
    "model": "api.technician",
    "pk": 17,
    "fields": {
      "user": [
        "Chedid"
      ],
      "phone": "",
      "hire_date": null,
      "taux_horaire": null,
      "sous_services": [
        2
      ],
      "statut_actuel": "disponible"
    }
  },
  {
    "model": "api.client",
    "pk": 1,
    "fields": {
      "firstName": "Bralico",
      "lastName": "PNR",
      "company": "Bralico",
      "email": "bral.recrutement@castel-afrique.com",
      "phone": "+242 05 395 0666",
      "address": "POINTE-NOIRE Direction Gâ”śÂ®nâ”śÂ®rale Situâ”śÂ®e vers la foire de Songolo, derriâ”śÂżre la râ”śÂ®sidence du Prâ”śÂ®fet, BP 1201",
      "createdAt": "2026-04-05T12:34:42.719Z",
      "is_active": true
    }
  },
  {
    "model": "api.client",
    "pk": 2,
    "fields": {
      "firstName": "Maintaining Energy",
      "lastName": "Dietsmann",
      "company": "Dietsmann",
      "email": "info@dietsmann.com",
      "phone": "+242 05 708 88 08",
      "address": "Avenue de Loango, BP 1775, Pointe-Noire.",
      "createdAt": "2026-04-05T13:58:19.182Z",
      "is_active": true
    }
  },
  {
    "model": "api.ordretravail",
    "pk": 1,
    "fields": {
      "reference": "OT-CC21-4047",
      "reference_externe": "CDA-25-101502",
      "objet": "REFONTE DES BAIES IT",
      "lieu": "Usine Bralico",
      "client_rapport": 1,
      "estimation_heures": "20.00",
      "date_creation": "2026-04-05T16:18:27.076Z",
      "date_debut": "2026-04-05T16:21:36.363Z",
      "date_fin": "2026-04-05T16:44:49.513Z",
      "date_validation": "2026-04-05T16:53:32.915Z",
      "date_archivage": "2026-04-05T16:53:32.915Z",
      "statut": "termine",
      "statut_validation": "valide",
      "valide_par": [
        "tresor"
      ],
      "technicien": null,
      "parent_ot": null,
      "techniciens": [
        [
          "SVEN"
        ]
      ]
    }
  },
  {
    "model": "api.ordretravail",
    "pk": 2,
    "fields": {
      "reference": "OT-CC23-4048",
      "reference_externe": "CDA-26-101504",
      "objet": "Supervision Des Serveurs",
      "lieu": "Dietsmann Direction",
      "client_rapport": 2,
      "estimation_heures": "10.00",
      "date_creation": "2026-04-05T17:21:07.476Z",
      "date_debut": "2026-04-05T17:28:31.964Z",
      "date_fin": "2026-04-05T18:07:03.151Z",
      "date_validation": "2026-04-05T18:09:36.307Z",
      "date_archivage": "2026-04-05T18:09:36.307Z",
      "statut": "termine",
      "statut_validation": "valide",
      "valide_par": [
        "tresor"
      ],
      "technicien": null,
      "parent_ot": null,
      "techniciens": [
        [
          "SVEN"
        ]
      ]
    }
  },
  {
    "model": "api.ordretravail",
    "pk": 9,
    "fields": {
      "reference": "OT-CC26-4240",
      "reference_externe": "CDA-26-101708",
      "objet": "DIAGNOSTIC DE SERVEURS salle 2",
      "lieu": "Dietsmann Direction",
      "client_rapport": 2,
      "estimation_heures": "3.00",
      "date_creation": "2026-04-08T09:42:31.132Z",
      "date_debut": "2026-04-08T09:42:59.122Z",
      "date_fin": null,
      "date_validation": null,
      "date_archivage": null,
      "statut": "en_cours",
      "statut_validation": "en_attente",
      "valide_par": null,
      "technicien": null,
      "parent_ot": null,
      "techniciens": [
        [
          "SVEN"
        ]
      ]
    }
  },
  {
    "model": "api.ordretravail",
    "pk": 10,
    "fields": {
      "reference": "OT-CC26-4975",
      "reference_externe": "CDA-26-101212",
      "objet": "Diagnostic Des Serveurs",
      "lieu": "Dietsmann Direction",
      "client_rapport": 2,
      "estimation_heures": "10.00",
      "date_creation": "2026-04-17T07:38:25.816Z",
      "date_debut": "2026-04-17T07:39:16.112Z",
      "date_fin": null,
      "date_validation": null,
      "date_archivage": null,
      "statut": "en_cours",
      "statut_validation": "en_attente",
      "valide_par": null,
      "technicien": null,
      "parent_ot": null,
      "techniciens": [
        [
          "SVEN"
        ]
      ]
    }
  },
  {
    "model": "api.documentot",
    "pk": 1,
    "fields": {
      "ot": 2,
      "type": "photo",
      "fichier": "ot_documents/union.jpg",
      "nom": "union.jpg",
      "uploaded_at": "2026-04-05T17:42:41.719Z"
    }
  },
  {
    "model": "api.documentot",
    "pk": 2,
    "fields": {
      "ot": 2,
      "type": "cr",
      "fichier": "ot_documents/Together.jpg",
      "nom": "Together.jpg",
      "uploaded_at": "2026-04-05T17:59:18.865Z"
    }
  },
  {
    "model": "api.documentot",
    "pk": 3,
    "fields": {
      "ot": 2,
      "type": "qualite",
      "fichier": "ot_documents/Chapitre1_Entreprenariat_P0ryi2S.pdf",
      "nom": "Chapitre1 Entreprenariat.pdf",
      "uploaded_at": "2026-04-05T18:09:21.023Z"
    }
  },
  {
    "model": "api.documentot",
    "pk": 4,
    "fields": {
      "ot": 1,
      "type": "photo",
      "fichier": "ot_documents/OFIS_Software_Factory_LDeuL3S.pdf",
      "nom": "OFIS Software Factory.pdf",
      "uploaded_at": "2026-04-07T07:55:32.864Z"
    }
  },
  {
    "model": "api.documentot",
    "pk": 5,
    "fields": {
      "ot": 9,
      "type": "screenshot",
      "fichier": "ot_documents/annie-spratt-QckxruozjRg-unsplash.jpg",
      "nom": "annie-spratt-QckxruozjRg-unsplash.jpg",
      "uploaded_at": "2026-04-08T09:51:36.733Z"
    }
  },
  {
    "model": "api.documentot",
    "pk": 6,
    "fields": {
      "ot": 10,
      "type": "photo",
      "fichier": "ot_documents/Admin_2k8jtZA.jpg",
      "nom": "Admin.jpg",
      "uploaded_at": "2026-04-17T07:46:52.786Z"
    }
  },
  {
    "model": "api.documentot",
    "pk": 7,
    "fields": {
      "ot": 10,
      "type": "photo",
      "fichier": "ot_documents/Sun.jpg",
      "nom": "Sun.jpg",
      "uploaded_at": "2026-04-17T07:53:49.254Z"
    }
  },
  {
    "model": "api.suiviot",
    "pk": 2,
    "fields": {
      "ot": 1,
      "technicien": [
        "SVEN"
      ],
      "date": "2026-04-05",
      "heures": "2.00",
      "description": "Maintenance et refonte des baies",
      "created_at": "2026-04-05T16:38:56.687Z",
      "updated_at": "2026-04-05T16:38:56.687Z"
    }
  },
  {
    "model": "api.suiviot",
    "pk": 4,
    "fields": {
      "ot": 2,
      "technicien": [
        "SVEN"
      ],
      "date": "2026-04-06",
      "heures": "3.00",
      "description": "Le â”śÂ®quipements ont â”śÂ®tâ”śÂ® installâ”śÂ®s st synchronisâ”śÂ®s",
      "created_at": "2026-04-05T18:05:28.298Z",
      "updated_at": "2026-04-05T18:05:28.298Z"
    }
  },
  {
    "model": "api.suiviot",
    "pk": 8,
    "fields": {
      "ot": 9,
      "technicien": [
        "SVEN"
      ],
      "date": "2026-04-08",
      "heures": "0.50",
      "description": "Le â”śÂ®quipements ont â”śÂ®tâ”śÂ® installâ”śÂ®s st synchronisâ”śÂ®s",
      "created_at": "2026-04-08T14:55:51.247Z",
      "updated_at": "2026-04-08T14:55:51.247Z"
    }
  },
  {
    "model": "api.suiviot",
    "pk": 10,
    "fields": {
      "ot": 10,
      "technicien": [
        "SVEN"
      ],
      "date": "2026-04-17",
      "heures": "3.00",
      "description": "Aprâ”śÂżs la partition que Angel a eu â”śĂˇ faire il fallait s'assurer que la base de donnâ”śÂ®e n'a pas â”śÂ®tâ”śÂ® touchâ”śÂ® du coup ,le diagnostic rencontre des conflits d'accâ”śÂżs oâ”śâ•Ł une transaction bloque d'autres utilisateurs, entraâ”śÂ«nant des lenteurs ou des deadlocks ,j'ai Optimisâ”śÂ® les transactions pour les rendre le plus court possible et utiliser des niveaux d'isolation appropriâ”śÂ®s",
      "created_at": "2026-04-17T07:53:10.714Z",
      "updated_at": "2026-04-17T07:53:10.714Z"
    }
  },
  {
    "model": "api.rapportjournalier",
    "pk": 3,
    "fields": {
      "technicien": [
        "SVEN"
      ],
      "date": "2026-04-07",
      "sous_service": null,
      "created_at": "2026-04-07T14:32:22.285Z",
      "updated_at": "2026-04-07T14:32:22.285Z"
    }
  },
  {
    "model": "api.lignerapportjournalier",
    "pk": 4,
    "fields": {
      "rapport": 3,
      "client": 2,
      "ot": null,
      "nature_intervention": "Analyse des Serveurs",
      "description": "J'ai fait un nettoyage au niveau du serveur et lâ”śĂˇ il est en parfait â”śÂ®tat",
      "avancement_resultat": "",
      "date_debut": null,
      "date_fin": null,
      "duree": "2.00",
      "numero_ticket": "",
      "rit_signe": true,
      "pv_signe": false,
      "created_at": "2026-04-07T14:32:22.303Z",
      "updated_at": "2026-04-07T14:32:22.303Z"
    }
  },
  {
    "model": "api.projet",
    "pk": 9,
    "fields": {
      "nom": "Installation des balises TELTONIKA  vâ”śÂ®hicules  DIETSMANN",
      "description": "Mise en place des installations",
      "chef_projet": [
        "Patrick"
      ],
      "estimation_heures": "6.00",
      "date_debut": "2026-06-22",
      "date_fin": "2026-06-24",
      "statut": "en_cours",
      "cout_projet": "6000000",
      "devise_cout": "XAF",
      "benefice_attendu": "1200000",
      "devise_benefice": "XAF",
      "created_at": "2026-06-22T17:25:13.613Z",
      "updated_at": "2026-06-22T17:25:13.613Z",
      "intervenants": []
    }
  },
  {
    "model": "api.projet",
    "pk": 8,
    "fields": {
      "nom": "Projet Wifi Bralico Vindoulou",
      "description": "Traâ”śÂşage de vâ”śÂ®hicules",
      "chef_projet": [
        "Patrick"
      ],
      "estimation_heures": "8.00",
      "date_debut": "2026-04-20",
      "date_fin": "2026-04-22",
      "statut": "en_cours",
      "cout_projet": "800000",
      "devise_cout": "XAF",
      "benefice_attendu": "160000",
      "devise_benefice": "XAF",
      "created_at": "2026-04-22T14:50:24.757Z",
      "updated_at": "2026-04-22T14:50:24.757Z",
      "intervenants": [
        [
          "Dile"
        ],
        [
          "Prince"
        ]
      ]
    }
  },
  {
    "model": "api.projet",
    "pk": 6,
    "fields": {
      "nom": "Projet Wifi Bralico",
      "description": "Installation et configuration du râ”śÂ®seau wifi pour Bralico Congo",
      "chef_projet": [
        "Arnaud"
      ],
      "estimation_heures": "20.00",
      "date_debut": "2026-04-06",
      "date_fin": "2026-04-20",
      "statut": "en_cours",
      "cout_projet": "50000000",
      "devise_cout": "XAF",
      "benefice_attendu": "9999000",
      "devise_benefice": "XAF",
      "created_at": "2026-04-20T11:50:15.767Z",
      "updated_at": "2026-04-20T11:50:15.767Z",
      "intervenants": [
        [
          "SVEN"
        ]
      ]
    }
  },
  {
    "model": "api.projet",
    "pk": 5,
    "fields": {
      "nom": "Installation des balises TELTONIKA  vâ”śÂ®hicules  DIETSMANN",
      "description": "installâ”śÂ®  des balises teltonika pour diffâ”śÂ®rents vâ”śÂ®hicules DIETSMANN",
      "chef_projet": [
        "Patrick"
      ],
      "estimation_heures": "10.00",
      "date_debut": "2026-04-18",
      "date_fin": "2026-04-20",
      "statut": "en_cours",
      "cout_projet": "29999000",
      "devise_cout": "XAF",
      "benefice_attendu": "6000000",
      "devise_benefice": "XAF",
      "created_at": "2026-04-20T10:41:36.654Z",
      "updated_at": "2026-04-20T10:41:36.654Z",
      "intervenants": [
        [
          "Dile"
        ],
        [
          "Prince"
        ]
      ]
    }
  },
  {
    "model": "api.heureprojet",
    "pk": 27,
    "fields": {
      "projet": 8,
      "intervenant": [
        "Prince"
      ],
      "date": "2026-04-22",
      "heure_debut": "06:00:00",
      "heure_fin": "08:00:00",
      "heures": "2.00",
      "description": "Installation MIX sur le Vâ”śÂ®hicule 970 AK 6",
      "created_at": "2026-04-22T15:03:06.617Z",
      "updated_at": "2026-04-22T15:03:06.617Z"
    }
  },
  {
    "model": "api.heureprojet",
    "pk": 28,
    "fields": {
      "projet": 8,
      "intervenant": [
        "Dile"
      ],
      "date": "2026-04-22",
      "heure_debut": "15:00:00",
      "heure_fin": "18:30:00",
      "heures": "3.50",
      "description": "Installation MIX sur le Vâ”śÂ®hicule 366 MU 6",
      "created_at": "2026-04-22T15:04:12.243Z",
      "updated_at": "2026-04-22T15:04:12.243Z"
    }
  },
  {
    "model": "api.heureprojet",
    "pk": 26,
    "fields": {
      "projet": 8,
      "intervenant": [
        "Prince"
      ],
      "date": "2026-04-21",
      "heure_debut": "12:00:00",
      "heure_fin": "15:00:00",
      "heures": "3.00",
      "description": "Installation MIX sur le Vâ”śÂ®hicule 449 LB 6",
      "created_at": "2026-04-22T15:00:43.795Z",
      "updated_at": "2026-04-22T15:00:43.795Z"
    }
  },
  {
    "model": "api.heureprojet",
    "pk": 15,
    "fields": {
      "projet": 5,
      "intervenant": [
        "Prince"
      ],
      "date": "2026-04-20",
      "heure_debut": null,
      "heure_fin": null,
      "heures": "2.50",
      "description": "Le 20 Prince a installâ”śÂ® la balise teltonika, Vâ”śÂ®hicule DIETSMANN avec l'immatriculation 970 AK 6",
      "created_at": "2026-04-20T10:51:52.025Z",
      "updated_at": "2026-04-20T10:51:52.025Z"
    }
  },
  {
    "model": "api.heureprojet",
    "pk": 25,
    "fields": {
      "projet": 8,
      "intervenant": [
        "Dile"
      ],
      "date": "2026-04-20",
      "heure_debut": "08:30:00",
      "heure_fin": "11:00:00",
      "heures": "2.50",
      "description": "Installation des balises Gallooli",
      "created_at": "2026-04-22T14:58:20.309Z",
      "updated_at": "2026-04-22T14:58:20.309Z"
    }
  },
  {
    "model": "api.heureprojet",
    "pk": 13,
    "fields": {
      "projet": 5,
      "intervenant": [
        "Prince"
      ],
      "date": "2026-04-19",
      "heure_debut": null,
      "heure_fin": null,
      "heures": "3.00",
      "description": "Le 19 Prince a installâ”śÂ® la balise teltonika, Vâ”śÂ®hicule DIETSMANN avec l'immatriculation 449 LB 6",
      "created_at": "2026-04-20T10:48:21.482Z",
      "updated_at": "2026-04-20T10:48:21.482Z"
    }
  },
  {
    "model": "api.heureprojet",
    "pk": 14,
    "fields": {
      "projet": 5,
      "intervenant": [
        "Dile"
      ],
      "date": "2026-04-19",
      "heure_debut": null,
      "heure_fin": null,
      "heures": "2.50",
      "description": "Le 19 Dile a installâ”śÂ® la balise teltonika, Vâ”śÂ®hicule DiIETSMANN avec l'immatriculation 366 MU 6",
      "created_at": "2026-04-20T10:50:03.062Z",
      "updated_at": "2026-04-20T10:50:03.062Z"
    }
  },
  {
    "model": "api.heureprojet",
    "pk": 23,
    "fields": {
      "projet": 6,
      "intervenant": [
        "SVEN"
      ],
      "date": "2026-04-19",
      "heure_debut": null,
      "heure_fin": null,
      "heures": "1.50",
      "description": "Connectivitâ”śÂ® entre diffâ”śÂ®rents terminaux",
      "created_at": "2026-04-20T12:16:59.385Z",
      "updated_at": "2026-04-20T12:16:59.385Z"
    }
  },
  {
    "model": "api.heureprojet",
    "pk": 12,
    "fields": {
      "projet": 5,
      "intervenant": [
        "Dile"
      ],
      "date": "2026-04-18",
      "heure_debut": null,
      "heure_fin": null,
      "heures": "2.00",
      "description": "Le 18 Dile a installâ”śÂ® la balise teltonika, Vâ”śÂ®hicule DiIETSMANN  avec l'immatriculation 204 MG 6 ",
      "created_at": "2026-04-20T10:46:00.692Z",
      "updated_at": "2026-04-20T10:46:00.692Z"
    }
  },
  {
    "model": "api.heureprojet",
    "pk": 22,
    "fields": {
      "projet": 6,
      "intervenant": [
        "SVEN"
      ],
      "date": "2026-04-18",
      "heure_debut": null,
      "heure_fin": null,
      "heures": "3.00",
      "description": "Affectation Adresse ip,pour les diffâ”śÂ®rents sous râ”śÂ®seaux ",
      "created_at": "2026-04-20T12:15:40.858Z",
      "updated_at": "2026-04-20T12:15:40.858Z"
    }
  },
  {
    "model": "api.heureprojet",
    "pk": 19,
    "fields": {
      "projet": 6,
      "intervenant": [
        "SVEN"
      ],
      "date": "2026-04-10",
      "heure_debut": null,
      "heure_fin": null,
      "heures": "2.00",
      "description": "Mise en place SSH",
      "created_at": "2026-04-20T12:11:56.595Z",
      "updated_at": "2026-04-20T12:11:56.595Z"
    }
  },
  {
    "model": "api.heureprojet",
    "pk": 18,
    "fields": {
      "projet": 6,
      "intervenant": [
        "SVEN"
      ],
      "date": "2026-04-09",
      "heure_debut": null,
      "heure_fin": null,
      "heures": "3.00",
      "description": "Mise en place du protocle TCP/IP",
      "created_at": "2026-04-20T12:10:44.825Z",
      "updated_at": "2026-04-20T12:10:44.825Z"
    }
  },
  {
    "model": "api.heureprojet",
    "pk": 16,
    "fields": {
      "projet": 6,
      "intervenant": [
        "SVEN"
      ],
      "date": "2026-04-06",
      "heure_debut": null,
      "heure_fin": null,
      "heures": "2.00",
      "description": "Configuration des Switches",
      "created_at": "2026-04-20T12:07:24.548Z",
      "updated_at": "2026-04-20T12:07:24.548Z"
    }
  },
  {
    "model": "api.ticket",
    "pk": 4,
    "fields": {
      "numero": 2323,
      "titre": "Panne râ”śÂ®seau siâ”śÂżge Bralico",
      "description": "Maintenance et Depannage de serveurs",
      "client": 1,
      "technicien_assigne": [
        "Prince"
      ],
      "cree_par": [
        "tresor"
      ],
      "statut": "resolu",
      "priorite": "haute",
      "date_creation": "2026-06-22T10:44:59.208Z",
      "date_modification": "2026-06-22T11:01:31.850Z",
      "date_resolution": "2026-06-22T11:01:31.850Z",
      "date_fermeture": null,
      "temps_passe": "2.00",
      "solution": "Le problâ”śÂżme a â”śÂ®tâ”śÂ® râ”śÂ®solu ",
      "commentaires": ""
    }
  },
  {
    "model": "api.ticket",
    "pk": 3,
    "fields": {
      "numero": 2322,
      "titre": "Panne au niveau des Serveurs Bralico",
      "description": "Besoin d'une maintenance au sein des salles serveurs, causant un disfonctionnement des activitâ”śÂ®s",
      "client": 2,
      "technicien_assigne": [
        "SVEN"
      ],
      "cree_par": [
        "tresor"
      ],
      "statut": "en_cours",
      "priorite": "haute",
      "date_creation": "2026-05-12T10:08:12.793Z",
      "date_modification": "2026-05-12T10:09:36.472Z",
      "date_resolution": null,
      "date_fermeture": null,
      "temps_passe": "0.00",
      "solution": "",
      "commentaires": ""
    }
  },
  {
    "model": "api.tickethistorique",
    "pk": 18,
    "fields": {
      "ticket": 4,
      "utilisateur": [
        "tresor"
      ],
      "action": "Changement de statut",
      "details": "Statut changâ”śÂ® de en_cours â”śĂˇ resolu",
      "date_action": "2026-06-22T11:01:31.854Z"
    }
  },
  {
    "model": "api.tickethistorique",
    "pk": 17,
    "fields": {
      "ticket": 4,
      "utilisateur": [
        "Prince"
      ],
      "action": "Solution ajoutâ”śÂ®e",
      "details": "Le problâ”śÂżme a â”śÂ®tâ”śÂ® râ”śÂ®solu ",
      "date_action": "2026-06-22T11:01:02.498Z"
    }
  },
  {
    "model": "api.tickethistorique",
    "pk": 16,
    "fields": {
      "ticket": 4,
      "utilisateur": [
        "Prince"
      ],
      "action": "Changement de statut",
      "details": "Statut changâ”śÂ® de nouveau â”śĂˇ en_cours",
      "date_action": "2026-06-22T11:00:30.229Z"
    }
  },
  {
    "model": "api.tickethistorique",
    "pk": 15,
    "fields": {
      "ticket": 4,
      "utilisateur": [
        "Prince"
      ],
      "action": "Ajout de temps",
      "details": "2.0 heures ajoutâ”śÂ®es (total: 2.0h)",
      "date_action": "2026-06-22T11:00:18.577Z"
    }
  },
  {
    "model": "api.tickethistorique",
    "pk": 14,
    "fields": {
      "ticket": 4,
      "utilisateur": [
        "tresor"
      ],
      "action": "Crâ”śÂ®ation du ticket",
      "details": "Ticket crâ”śÂ®â”śÂ® avec prioritâ”śÂ® Haute",
      "date_action": "2026-06-22T10:44:59.212Z"
    }
  },
  {
    "model": "api.tickethistorique",
    "pk": 13,
    "fields": {
      "ticket": 3,
      "utilisateur": [
        "SVEN"
      ],
      "action": "Changement de statut",
      "details": "Statut changâ”śÂ® de nouveau â”śĂˇ en_cours",
      "date_action": "2026-05-12T10:09:36.476Z"
    }
  },
  {
    "model": "api.tickethistorique",
    "pk": 12,
    "fields": {
      "ticket": 3,
      "utilisateur": [
        "tresor"
      ],
      "action": "Assignation",
      "details": "Assignâ”śÂ® â”śĂˇ SVEN (â”śÂ®tait non assignâ”śÂ®)",
      "date_action": "2026-05-12T10:08:56.854Z"
    }
  },
  {
    "model": "api.tickethistorique",
    "pk": 11,
    "fields": {
      "ticket": 3,
      "utilisateur": [
        "tresor"
      ],
      "action": "Crâ”śÂ®ation du ticket",
      "details": "Ticket crâ”śÂ®â”śÂ® avec prioritâ”śÂ® Haute",
      "date_action": "2026-05-12T10:08:12.804Z"
    }
  },
  {
    "model": "api.notification",
    "pk": 6,
    "fields": {
      "projet": 8,
      "type": "depassement_heures",
      "message": "Ă”ĂśĂˇÂ´Â©Ă… Dâ”śÂ®passement de 3.0 heures sur le projet Projet Wifi Bralico Vindoulou",
      "est_lue": true,
      "created_at": "2026-04-22T15:31:09.789Z"
    }
  }
]