[{"model": "auth.group", "fields": {"name": "Assistant", "permissions": []}}, {"model": "auth.group", "fields": {"name": "assistante", "permissions": []}}, {"model": "auth.group", "fields": {"name": "Cadres", "permissions": []}}, {"model": "auth.user", "fields": {"password": "pbkdf2_sha256$1200000$tbAApF263GRojmzG1kYH0h$553Q8u6Mbe9y6fJSnkmKHfdhfPSGfXwPo/KFVQFziS4=", "last_login": "2026-03-04T07:34:44.412Z", "is_superuser": true, "username": "admin", "first_name": "", "last_name": "", "email": "", "is_staff": true, "is_active": true, "date_joined": "2026-03-04T07:25:37.543Z", "groups": [], "user_permissions": []}}, {"model": "auth.user", "fields": {"password": "pbkdf2_sha256$870000$W3K7h3R5yv8kmb9sEnTGmp$LYDBugY9lXbVlqVzbtBmjaEJYtKqYozY+iLxC07p8gI=", "last_login": null, "is_superuser": true, "username": "tresor", "first_name": "", "last_name": "", "email": "", "is_staff": true, "is_active": true, "date_joined": "2026-03-04T07:40:31.320Z", "groups": [], "user_permissions": []}}, {"model": "auth.user", "fields": {"password": "", "last_login": null, "is_superuser": false, "username": "Eddy", "first_name": "", "last_name": "", "email": "", "is_staff": false, "is_active": true, "date_joined": "2026-03-05T10:15:08.688Z", "groups": [], "user_permissions": []}}, {"model": "auth.user", "fields": {"password": "", "last_login": null, "is_superuser": false, "username": "Justi", "first_name": "", "last_name": "", "email": "", "is_staff": false, "is_active": true, "date_joined": "2026-03-04T08:42:32.203Z", "groups": [], "user_permissions": []}}, {"model": "auth.user", "fields": {"password": "", "last_login": null, "is_superuser": false, "username": "Jaurdy", "first_name": "", "last_name": "", "email": "", "is_staff": false, "is_active": true, "date_joined": "2026-03-04T08:42:47.658Z", "groups": [], "user_permissions": []}}, {"model": "auth.user", "fields": {"password": "", "last_login": null, "is_superuser": false, "username": "Vianney", "first_name": "", "last_name": "Missolo", "email": "", "is_staff": true, "is_active": true, "date_joined": "2026-03-04T09:28:39.762Z", "groups": [], "user_permissions": []}}, {"model": "auth.user", "fields": {"password": "", "last_login": null, "is_superuser": false, "username": "Gédeon", "first_name": "", "last_name": "", "email": "", "is_staff": true, "is_active": true, "date_joined": "2026-03-04T09:32:20.028Z", "groups": [], "user_permissions": []}}, {"model": "auth.user", "fields": {"password": "", "last_login": null, "is_superuser": false, "username": "Destin", "first_name": "Destin", "last_name": "NDINGA", "email": "", "is_staff": false, "is_active": true, "date_joined": "2026-03-09T11:51:29.008Z", "groups": [], "user_permissions": []}}, {"model": "auth.user", "fields": {"password": "", "last_login": null, "is_superuser": false, "username": "BILSON", "first_name": "Destin", "last_name": "NDINGA", "email": "bilsonn5@gmail.com", "is_staff": false, "is_active": true, "date_joined": "2026-03-09T11:59:34.822Z", "groups": [], "user_permissions": []}}, {"model": "auth.user", "fields": {"password": "pbkdf2_sha256$1200000$K1ple5JzwPpLGCwNyRcwrX$K0ze+ZGpWU6gdIPi2tTUgLezsePCk1cf8Q7OVq9vKKg=", "last_login": null, "is_superuser": false, "username": "Anahelle", "first_name": "Solvy", "last_name": "NGOMA", "email": "anahelle@gmail.com", "is_staff": false, "is_active": true, "date_joined": "2026-03-10T13:56:28.708Z", "groups": [], "user_permissions": []}}, {"model": "auth.user", "fields": {"password": "pbkdf2_sha256$1200000$Z98iLh2Mrb7c47HCYkcmhy$2XtQTtaOTz/WcFxx9V1d8QBOjDgOnb3kwOnIlmB020o=", "last_login": null, "is_superuser": false, "username": "Fanny", "first_name": "", "last_name": "", "email": "", "is_staff": false, "is_active": true, "date_joined": "2026-03-10T14:53:10.372Z", "groups": [], "user_permissions": []}}, {"model": "auth.user", "fields": {"password": "pbkdf2_sha256$1200000$N9D1MmZ4tw1wWG4OVAtbgB$qXArIMHjnmfxYWS3D9WpcCYrCUqH6tJCfLekKgwDXgU=", "last_login": null, "is_superuser": false, "username": "Saint", "first_name": "", "last_name": "", "email": "", "is_staff": false, "is_active": true, "date_joined": "2026-03-10T20:55:15Z", "groups": [], "user_permissions": []}}, {"model": "auth.user", "fields": {"password": "pbkdf2_sha256$870000$4Q7JFiEwDEhWlQRxfjD4nj$Nr+knMO7lInCqJfQeDtWTfAjtdZ3V9eZDvRJeNzUcJQ=", "last_login": null, "is_superuser": false, "username": "Angel", "first_name": "", "last_name": "", "email": "", "is_staff": false, "is_active": true, "date_joined": "2026-03-11T10:24:35.019Z", "groups": [], "user_permissions": []}}, {"model": "auth.user", "fields": {"password": "pbkdf2_sha256$1200000$3nRo1ZvyLzdU5rxaKPgC5s$e0wZb89OEcmNIaxkDL0CjRgRCPxBSjNXKkzrvmAX57Y=", "last_login": null, "is_superuser": false, "username": "Paillat", "first_name": "", "last_name": "", "email": "", "is_staff": false, "is_active": true, "date_joined": "2026-03-12T15:12:41.767Z", "groups": [], "user_permissions": []}}, {"model": "auth.user", "fields": {"password": "pbkdf2_sha256$870000$SHThBByyrPsEauZPMYdFLn$2KzeVEWt93GZ84DrD8itvhBdSAc6iMesHMV0NJgPmA4=", "last_login": null, "is_superuser": false, "username": "Patricia", "first_name": "Patricia", "last_name": "BENGONO", "email": "patricia@gmail.com", "is_staff": false, "is_active": true, "date_joined": "2026-03-17T14:33:23.621Z", "groups": [], "user_permissions": []}}, {"model": "auth.user", "fields": {"password": "pbkdf2_sha256$870000$8kcutTfZq4eRVwWEDdTQZW$B4RLR3anpWZlS4L1q2/NFOLzi0GYWm4CLbBVeLewBIA=", "last_login": null, "is_superuser": false, "username": "Sidney", "first_name": "", "last_name": "", "email": "", "is_staff": false, "is_active": true, "date_joined": "2026-03-18T15:07:45Z", "groups": [["Cadres"]], "user_permissions": []}}, {"model": "api.service", "pk": 1, "fields": {"name": "OBT Radio", "description": "", "color": "#ef4444", "icon": "", "created_at": "2026-03-04T07:31:14.771Z"}}, {"model": "api.service", "pk": 2, "fields": {"name": "OBT Géolocalisation", "description": "", "color": "#f59e0b", "icon": "", "created_at": "2026-03-04T07:31:14.784Z"}}, {"model": "api.service", "pk": 3, "fields": {"name": "OSN Réseau", "description": "", "color": "#3b82f6", "icon": "", "created_at": "2026-03-04T07:31:14.790Z"}}, {"model": "api.service", "pk": 4, "fields": {"name": "OSN Système", "description": "", "color": "#10b981", "icon": "", "created_at": "2026-03-04T07:31:14.794Z"}}, {"model": "api.team", "pk": 2, "fields": {"name": "??quipe OBT G??olocalisation", "service": "", "location": "Pointe-Noire", "leaderId": null, "memberIds": [], "missions": [], "service_obj": 2, "leader": ["admin"], "members": []}}, {"model": "api.team", "pk": 3, "fields": {"name": "??quipe OBT Radio", "service": "", "location": "Pointe-Noire", "leaderId": null, "memberIds": [], "missions": [], "service_obj": 1, "leader": ["admin"], "members": []}}, {"model": "api.team", "pk": 4, "fields": {"name": "??quipe OSN R??seau", "service": "", "location": "Pointe-Noire", "leaderId": null, "memberIds": [], "missions": [], "service_obj": 3, "leader": ["admin"], "members": []}}, {"model": "api.team", "pk": 5, "fields": {"name": "??quipe OSN Syst??me", "service": "", "location": "Pointe-Noire", "leaderId": null, "memberIds": [], "missions": [], "service_obj": 4, "leader": ["admin"], "members": []}}, {"model": "api.client", "pk": 2, "fields": {"firstName": "Company", "lastName": "Halliburton", "company": "Halliburton", "email": "LandmarkSupport@halliburton.com", "phone": "+(242) 06 669 50 00", "address": "zone industrielle de Loandjili, sur la Tchingobo Street, ?? proximit?? d'ENI Congo SA, avec une bo??te postale BP 865.", "createdAt": "2026-03-04T14:32:51.573Z", "is_active": true}}, {"model": "api.client", "pk": 11, "fields": {"firstName": "Maintening", "lastName": "DIESTMANN", "company": "Dietsmann", "email": "info@dietsmann.com", "phone": "067330452", "address": "Pointe-Noire, R??publique du Congo", "createdAt": "2026-03-11T08:51:40.363Z", "is_active": true}}, {"model": "api.client", "pk": 12, "fields": {"firstName": "Bralico", "lastName": "Congo", "company": "Bralico", "email": "bralico.callcenter@castel-afrique.com", "phone": "05 395 06 66", "address": "Pointe-Noire,Situ?? vers la foire de Songolo", "createdAt": "2026-03-12T10:31:13.265Z", "is_active": true}}, {"model": "api.client", "pk": 14, "fields": {"firstName": "SAIPEM", "lastName": "", "company": "SAIPEM", "email": "saipem@ofis.com", "phone": "", "address": "", "createdAt": "2026-03-31T22:00:09.477Z", "is_active": true}}, {"model": "api.generatedreport", "pk": 1, "fields": {"title": "message", "description": "Aujourd'hui", "report_type": "mensuel", "format": "pdf", "status": "en_attente", "file": "", "created_by": ["tresor"], "created_at": "2026-03-04T09:12:44.589Z", "updated_at": "2026-03-04T09:12:44.589Z", "generated_at": null, "parameters": {"year": 2026, "month": 3, "client_id": ""}, "download_count": 0, "file_size": null, "original_filename": null}}, {"model": "api.generatedreport", "pk": 2, "fields": {"title": "PFE Trésor et Yannel L3GLSI  2 corrigé.pdf", "description": "bien", "report_type": "depose", "format": "pdf", "status": "genere", "file": "generated_reports/PFE_Trésor_et_Yannel_L3GLSI__2_corrigé_hhvQvoR.pdf", "created_by": ["tresor"], "created_at": "2026-03-04T09:13:07.326Z", "updated_at": "2026-03-04T09:13:13.862Z", "generated_at": "2026-03-04T09:13:07.306Z", "parameters": {}, "download_count": 1, "file_size": null, "original_filename": "PFE Trésor et Yannel L3GLSI  2 corrigé.pdf"}}, {"model": "api.generatedreport", "pk": 3, "fields": {"title": "Rapport du mois", "description": "ce rapport le tout de ce qu'on a fait", "report_type": "mensuel", "format": "pdf", "status": "genere", "file": "generated_reports/Rapport_du_mois_20260306_111511.pdf", "created_by": ["admin"], "created_at": "2026-03-06T11:14:46.353Z", "updated_at": "2026-03-06T11:25:18.685Z", "generated_at": "2026-03-06T11:15:11.889Z", "parameters": {"year": 2026, "month": 3, "client_id": ""}, "download_count": 1, "file_size": 2025, "original_filename": "Rapport_du_mois_20260306_111511.pdf"}}, {"model": "api.generatedreport", "pk": 4, "fields": {"title": "Tresor_RESTFUL_Service.pdf", "description": "Service aujourd'hui", "report_type": "depose", "format": "pdf", "status": "genere", "file": "generated_reports/Tresor_RESTFUL_Service.pdf", "created_by": ["admin"], "created_at": "2026-03-06T11:51:25.052Z", "updated_at": "2026-03-06T11:51:25.052Z", "generated_at": "2026-03-06T11:51:25.047Z", "parameters": {}, "download_count": 0, "file_size": null, "original_filename": "Tresor_RESTFUL_Service.pdf"}}, {"model": "api.generatedreport", "pk": 5, "fields": {"title": "Description de la semaine", "description": "Aujourd'hui", "report_type": "mensuel", "format": "pdf", "status": "en_attente", "file": "", "created_by": ["admin"], "created_at": "2026-03-06T12:34:17.912Z", "updated_at": "2026-03-06T12:34:17.912Z", "generated_at": null, "parameters": {"year": 2026, "month": 3, "client_id": ""}, "download_count": 0, "file_size": null, "original_filename": null}}, {"model": "api.generatedreportdownload", "pk": 1, "fields": {"report": 2, "downloaded_by": ["tresor"], "downloaded_at": "2026-03-04T09:13:13.874Z", "ip_address": "127.0.0.1"}}, {"model": "api.generatedreportdownload", "pk": 2, "fields": {"report": 2, "downloaded_by": ["admin"], "downloaded_at": "2026-03-06T10:03:39.197Z", "ip_address": "127.0.0.1"}}, {"model": "api.generatedreportdownload", "pk": 3, "fields": {"report": 3, "downloaded_by": ["admin"], "downloaded_at": "2026-03-06T11:25:18.691Z", "ip_address": "127.0.0.1"}}, {"model": "api.equipment", "pk": 1, "fields": {"name": "Emetteur Radio", "type": "equipement", "model": "Motorola", "reference": "1700X", "supplier": "Ofis Solutions", "description": "Allez sur site pour corriger des équipements d'émission Radio", "quantity": 1, "image": "equipment/Ofisem1.png", "service": 1, "team": null, "created_at": "2026-03-04T08:50:27.522Z", "updated_at": "2026-03-04T08:50:27.522Z"}}, {"model": "api.missionv2", "pk": 7, "fields": {"title": "Installations Equipement Radio Dietsmann", "description": "Installer les diff??rents ??quipements Motorola en interne y compris les configurations", "client": 11, "service": 1, "team": 3, "status": "en_cours", "priority": "haute", "location": "Avenue de Loango, Pointe-Noire,", "start_date": "2026-03-11T00:00:00Z", "end_date": "2026-03-11T00:00:00Z", "estimated_hours": 1, "actual_hours": null, "created_by": ["admin"], "created_at": "2026-03-11T10:37:05.826Z", "updated_at": "2026-03-11T10:38:11.607Z", "assigned_to": [["Angel"]]}}, {"model": "api.missionv2", "pk": 8, "fields": {"title": "REFONTE DES BAIES IT", "description": "Suivi de l'OT", "client": 12, "service": 1, "team": 3, "status": "en_cours", "priority": "haute", "location": "Pointe-Noire,Situ?? vers la foire de Songolo", "start_date": "2026-03-12T00:00:00Z", "end_date": "2026-03-12T00:00:00Z", "estimated_hours": 1, "actual_hours": null, "created_by": ["admin"], "created_at": "2026-03-12T10:37:14.411Z", "updated_at": "2026-03-12T10:37:44.939Z", "assigned_to": [["Angel"]]}}, {"model": "api.missionv2", "pk": 9, "fields": {"title": "Diagnostic Serveurs Dietsmann", "description": "Faire le diagnostic des serveurs au sein de Dietsmann,permettant d'analyser diff??rents probl??mes et depannage si possible", "client": 11, "service": 4, "team": 5, "status": "en_cours", "priority": "haute", "location": "Avenue de Loango, BP 1775, ?? Pointe-Noire", "start_date": "2026-03-18T00:00:00Z", "end_date": "2026-03-19T00:00:00Z", "estimated_hours": 1, "actual_hours": null, "created_by": ["admin"], "created_at": "2026-03-17T07:14:05.273Z", "updated_at": "2026-03-17T07:14:13.061Z", "assigned_to": [["Fanny"], ["Angel"]]}}, {"model": "api.missionv2", "pk": 10, "fields": {"title": "Diagnostic Radio des ??quipements internes Dietsmann", "description": "Faire un diagnostic interne des ??quipements de communication en interne de Dietsmann", "client": 11, "service": 1, "team": 3, "status": "en_cours", "priority": "moyenne", "location": "Avenue de Loango, BP 1775, ?? Pointe-Noire", "start_date": "2026-03-18T00:00:00Z", "end_date": "2026-03-19T00:00:00Z", "estimated_hours": 4, "actual_hours": null, "created_by": ["admin"], "created_at": "2026-03-17T07:45:49.324Z", "updated_at": "2026-03-17T07:46:09.603Z", "assigned_to": [["Eddy"], ["Fanny"], ["Angel"]]}}, {"model": "api.bondecommande", "pk": 2, "fields": {"numero": "BC-2026-0002", "client": 2, "mission": null, "date_creation": "2026-03-04T14:36:35.672Z", "montant_ht": "730000.00", "tva": "0.80", "montant_ttc": "735840.00", "devise": "XAF", "statut": "valide", "qr_code": "d19b160c-8baf-40e5-89db-93511eef601a", "pdf_genere": "", "date_validation": "2026-03-09T08:43:14.532Z", "date_paiement": null}}, {"model": "api.bondecommande", "pk": 8, "fields": {"numero": "BC-2026-0004", "client": 11, "mission": null, "date_creation": "2026-03-11T08:52:24.932Z", "montant_ht": "6000000.00", "tva": "0.30", "montant_ttc": "6018000.00", "devise": "XAF", "statut": "en_attente", "qr_code": "a31d89e8-00f9-4bf0-8d2f-bf23432dd03d", "pdf_genere": "", "date_validation": null, "date_paiement": null}}, {"model": "api.bondecommande", "pk": 9, "fields": {"numero": "BC-2026-0009", "client": 11, "mission": null, "date_creation": "2026-03-11T14:02:32.545Z", "montant_ht": "500000.00", "tva": "0.50", "montant_ttc": "502500.00", "devise": "XAF", "statut": "en_attente", "qr_code": "b3ff9e86-2937-4650-a192-418ea050db6f", "pdf_genere": "", "date_validation": null, "date_paiement": null}}, {"model": "api.rapportjournalier", "pk": 1, "fields": {"mission": null, "technicien": ["Angel"], "date": "2026-04-01", "heure_depart": "08:00:00", "heure_arrivee": "08:30:00", "heure_rdv": "08:45:00", "client": 12, "service": "OSN", "type_intervention": "Contrôle technique", "rdv_planifie": true, "description": "Maintenance et Depannage de serveurs", "rit_signe": false, "pv_signe": false, "conclusions": "Effectué avec succès"}}, {"model": "api.rapportjournalier", "pk": 2, "fields": {"mission": null, "technicien": ["Angel"], "date": "2026-04-01", "heure_depart": "08:30:00", "heure_arrivee": "08:45:00", "heure_rdv": "09:00:00", "client": 11, "service": "OBT", "type_intervention": "Contrôle technique", "rdv_planifie": true, "description": "Maintenance et Depannage de serveurs", "rit_signe": false, "pv_signe": false, "conclusions": "Effectué avec succès"}}, {"model": "api.rapporthebdomadaire", "pk": 4, "fields": {"cadre": ["Fanny"], "date_debut": "2026-03-17", "date_fin": "2026-03-20", "activites": "Durant cette p??riode j'ai fait une maintenance chez perenco", "objectifs_atteints": "planification et suivi", "difficultes": "Probl??me d'organisation", "propositions": "augmenter le nombre de baies", "created_at": "2026-03-16T15:45:37.655Z"}}, {"model": "api.suivimedical", "pk": 2, "fields": {"nom": "BAKITOULA", "prenom": "Justie", "service": "RADIO", "date_delivrance": "2025-12-05", "date_expiration": "2026-06-04", "type_certificat": "Total/Eni/perenco", "clinique": "Guenin"}}, {"model": "api.suivimedical", "pk": 3, "fields": {"nom": "ZINGA", "prenom": "Brice", "service": "OSN", "date_delivrance": "2025-07-08", "date_expiration": "2026-01-07", "type_certificat": "Total/Eni/perenco", "clinique": "Guenin"}}, {"model": "api.suivimedical", "pk": 4, "fields": {"nom": "MAKOUALA", "prenom": "De-Grivel", "service": "OSN", "date_delivrance": "2025-10-10", "date_expiration": "2026-04-09", "type_certificat": "Total/Eni/perenco", "clinique": "Guenin"}}, {"model": "api.ordretravail", "pk": 9, "fields": {"reference": "OT-2026-0009", "reference_externe": "OT N??CC214047", "reference_devis": "Devis D2540086", "reference_bc_externe": "BC N?? CDA-25-111502", "code_client": "Dietsmann PNR", "duree_estimee": null, "mission": 7, "objet": "", "lieu": "", "bon_commande": null, "technicien": ["Fanny"], "date_creation": "2026-03-12T07:52:18.901Z", "date_debut": "2026-03-12T07:59:29.394Z", "date_fin": "2026-03-12T08:03:45.976Z", "date_validation": null, "date_archivage": null, "statut": "termine", "statut_validation": "rejete", "valide_par": null, "intervenants": "Saint/Fanny/Eddy", "date_intervention": "2026-03-12", "heure_depart_nasa": "09:15:00", "heure_arrivee_client": "09:30:00", "heure_rdv_client": "09:35:00", "client_rapport": 11, "type_intervention": "Contr??le technique", "rdv_planifie": true, "description": "Le ??quipements ont ??t?? install??s st synchronis??s", "rit_signe": true, "pv_signe": true, "conclusions": "Travail effectu?? avec succ??s"}}, {"model": "api.ordretravail", "pk": 18, "fields": {"reference": "OT-CC214568", "reference_externe": "", "reference_devis": "", "reference_bc_externe": "CDA-25-10152", "code_client": "", "duree_estimee": "10.00", "mission": null, "objet": "REFONTE", "lieu": "USINE BRALICO", "bon_commande": null, "technicien": ["Patricia"], "date_creation": "2026-03-17T15:11:05.529Z", "date_debut": null, "date_fin": "2026-04-01T09:04:58.839Z", "date_validation": "2026-04-01T09:13:13.071Z", "date_archivage": "2026-04-01T09:13:13.071Z", "statut": "termine", "statut_validation": "valide", "valide_par": ["tresor"], "intervenants": "", "date_intervention": null, "heure_depart_nasa": null, "heure_arrivee_client": null, "heure_rdv_client": null, "client_rapport": 12, "type_intervention": "", "rdv_planifie": true, "description": "", "rit_signe": false, "pv_signe": false, "conclusions": ""}}, {"model": "api.ordretravail", "pk": 19, "fields": {"reference": "OT-CC224042", "reference_externe": "", "reference_devis": "", "reference_bc_externe": "CDA-25-122004", "code_client": "", "duree_estimee": "60.00", "mission": null, "objet": "Refonte", "lieu": "Bralico", "bon_commande": null, "technicien": ["Angel"], "date_creation": "2026-03-20T15:56:16.265Z", "date_debut": null, "date_fin": "2026-04-01T09:19:05.313Z", "date_validation": "2026-04-01T09:20:22.424Z", "date_archivage": "2026-04-01T09:20:22.424Z", "statut": "termine", "statut_validation": "valide", "valide_par": ["tresor"], "intervenants": "", "date_intervention": null, "heure_depart_nasa": null, "heure_arrivee_client": null, "heure_rdv_client": null, "client_rapport": 12, "type_intervention": "", "rdv_planifie": true, "description": "", "rit_signe": false, "pv_signe": false, "conclusions": ""}}, {"model": "api.ordretravail", "pk": 20, "fields": {"reference": "OT-2026-0020", "reference_externe": "", "reference_devis": "", "reference_bc_externe": "CDA-25-101502", "code_client": "", "duree_estimee": "60.00", "mission": null, "objet": "REFONTE DE BAIES", "lieu": "BRALICO", "bon_commande": null, "technicien": ["Angel"], "date_creation": "2026-03-22T15:59:54.968Z", "date_debut": null, "date_fin": null, "date_validation": null, "date_archivage": null, "statut": "en_cours", "statut_validation": "en_attente", "valide_par": null, "intervenants": "", "date_intervention": null, "heure_depart_nasa": null, "heure_arrivee_client": null, "heure_rdv_client": null, "client_rapport": 12, "type_intervention": "", "rdv_planifie": true, "description": "", "rit_signe": false, "pv_signe": false, "conclusions": ""}}, {"model": "api.ordretravail", "pk": 21, "fields": {"reference": "OT-2026-0021", "reference_externe": "", "reference_devis": "", "reference_bc_externe": "CDA-25-101502", "code_client": "", "duree_estimee": "60.00", "mission": null, "objet": "REFONTE DE BAIES", "lieu": "BRALICO", "bon_commande": null, "technicien": ["Angel"], "date_creation": "2026-03-22T16:02:00.191Z", "date_debut": null, "date_fin": null, "date_validation": null, "date_archivage": null, "statut": "en_cours", "statut_validation": "en_attente", "valide_par": null, "intervenants": "", "date_intervention": null, "heure_depart_nasa": null, "heure_arrivee_client": null, "heure_rdv_client": null, "client_rapport": 12, "type_intervention": "", "rdv_planifie": true, "description": "", "rit_signe": false, "pv_signe": false, "conclusions": ""}}, {"model": "api.suiviot", "pk": 1, "fields": {"ot": 19, "technicien": ["Angel"], "date": "2026-03-22", "heures": "2.00", "description": "Mise en place des installations", "created_at": "2026-03-22T16:43:35.354Z", "updated_at": "2026-03-22T16:43:35.354Z"}}, {"model": "api.suiviot", "pk": 2, "fields": {"ot": 20, "technicien": ["Angel"], "date": "2026-03-23", "heures": "2.00", "description": "Les équipements ont été installés st synchronisés", "created_at": "2026-03-22T17:12:27.668Z", "updated_at": "2026-04-01T10:35:07.602Z"}}, {"model": "api.suiviot", "pk": 3, "fields": {"ot": 18, "technicien": ["Patricia"], "date": "2026-03-31", "heures": "3.00", "description": "Maintenance et Depannage de serveurs", "created_at": "2026-03-31T22:09:02.621Z", "updated_at": "2026-03-31T22:09:02.621Z"}}, {"model": "api.suiviot", "pk": 4, "fields": {"ot": 19, "technicien": ["Angel"], "date": "2026-04-01", "heures": "5.00", "description": "Le équipements ont été installés st synchronisés", "created_at": "2026-04-01T09:18:53.375Z", "updated_at": "2026-04-01T09:18:53.375Z"}}, {"model": "api.suiviot", "pk": 5, "fields": {"ot": 20, "technicien": ["Angel"], "date": "2026-04-01", "heures": "2.00", "description": "Maintenance et refonte des baies", "created_at": "2026-04-01T17:05:50.678Z", "updated_at": "2026-04-01T17:05:50.679Z"}}, {"model": "api.documentot", "pk": 4, "fields": {"ot": 9, "type": "photo", "fichier": "ot_documents/PFE_Tr??sor_et_Yannel_L3GLSI__2_corrig??.pdf", "nom": "PFE Tr??sor et Yannel L3GLSI  2 corrig??.pdf", "uploaded_at": "2026-03-13T11:09:01.085Z"}}, {"model": "api.documentot", "pk": 10, "fields": {"ot": 18, "type": "bl", "fichier": "ot_documents/DT.pdf", "nom": "DT.pdf", "uploaded_at": "2026-04-01T08:45:07.771Z"}}, {"model": "api.documentot", "pk": 11, "fields": {"ot": 19, "type": "bl", "fichier": "ot_documents/SFO_Software_Factory_OFIS_Proposition.pdf", "nom": "SFO_Software_Factory_OFIS_Proposition.pdf", "uploaded_at": "2026-04-01T09:15:41.366Z"}}, {"model": "api.rapportprojetcadre", "pk": 1, "fields": {"cadre": ["Sidney"], "nom_projet": "Installation des nouveaux equipements  Dietsmann", "avancement": 80, "taches_realisees": "Production de la cha??ne interne", "prochaines_taches": "Ajuster nos diff??rents departements", "remarques": "Prendre des r??solutions en terme de co??t", "date_creation": "2026-03-19T07:48:54.371Z", "date_modification": "2026-03-19T07:48:54.371Z"}}, {"model": "api.rapporthebdocadre", "pk": 2, "fields": {"cadre": ["Sidney"], "date_debut": "2026-03-16", "date_fin": "2026-03-22", "type": "Maintenances / Interventions", "created_at": "2026-03-31T21:58:09.781Z", "updated_at": "2026-03-31T21:58:09.781Z"}}, {"model": "api.rapporthebdocadre", "pk": 3, "fields": {"cadre": ["Sidney"], "date_debut": "2026-03-17", "date_fin": "2026-03-31", "type": "maintenances", "created_at": "2026-03-31T22:07:09.604Z", "updated_at": "2026-03-31T22:07:09.604Z"}}, {"model": "api.lignerapporthebdocadre", "pk": 1, "fields": {"rapport": 2, "client": 14, "nature_intervention": "Problème de communication et de couverture dans la zone de Siafoumo-Lemba", "avancement_resultat": "2 radios reconfigurés. Test réalisés avec le client.", "date_debut": "2026-03-16", "date_fin": "2026-03-16", "numero_ticket": "2321", "intervenant": ["Angel"]}}, {"model": "api.lignerapporthebdocadre", "pk": 2, "fields": {"rapport": 3, "client": 12, "nature_intervention": "Disfonctionnement de l'alimentation de la radio du TEREX 972502", "avancement_resultat": "Remplacement du fusible 20A effectué", "date_debut": "2026-03-10", "date_fin": "2026-03-10", "numero_ticket": "2245", "intervenant": ["Patricia"]}}, {"model": "notifications.notification", "pk": 1, "fields": {"recipient": ["admin"], "actor": ["admin"], "verb": "Test de notification", "target_content_type": null, "target_object_id": null, "timestamp": "2026-03-06T09:07:23.757Z", "is_read": false, "team": ""}}]